company_name,company_id,locations,industries,size,description,tags,twitter,company_page,job_page,logo_link
"Modern Animal, Inc.",15000208,"Culver City, CA",Veterinary,"{'name': 'Medium Size', 'short_name': 'medium'}",,,,https://www.themuse.com/companies/modernanimalinc,https://www.themuse.com/search/jobs/c-modernanimalinc,https://assets.themuse.com/uploaded/companies/15000208/small_logo.png
Redesign Health,15000191,"New York, NY",Healthcare;Healthtech,"{'name': 'Medium Size', 'short_name': 'medium'}",,,,https://www.themuse.com/companies/redesignhealth,https://www.themuse.com/search/jobs/c-redesignhealth,https://assets.themuse.com/uploaded/companies/15000191/small_logo.png
Santander Holdings USA Inc,15000549,,,"{'name': 'Large Size', 'short_name': 'large'}",,,,https://www.themuse.com/companies/santanderholdingsusainc,https://www.themuse.com/search/jobs/c-santanderholdingsusainc,https://assets.themuse.com/uploaded/companies/15000549/small_logo.png
Ava Labs,15000201,"Manhattan, NY",Software,"{'name': 'Medium Size', 'short_name': 'medium'}",,,,https://www.themuse.com/companies/avalabs,https://www.themuse.com/search/jobs/c-avalabs,https://assets.themuse.com/uploaded/companies/15000201/small_logo.png
WithumSmith+Brown,15000207,"Princeton, NJ",Accounting,"{'name': 'Large Size', 'short_name': 'large'}",,,,https://www.themuse.com/companies/withumsmithbrown,https://www.themuse.com/search/jobs/c-withumsmithbrown,https://assets.themuse.com/uploaded/companies/15000207/small_logo.png
Designit,15000194,"New York, NY",Advertising and Agencies;Client Services,"{'name': 'Large Size', 'short_name': 'large'}",,,,https://www.themuse.com/companies/designit,https://www.themuse.com/search/jobs/c-designit,https://assets.themuse.com/uploaded/companies/15000194/small_logo.png
"SNS One, Inc.",15000192,"Crofton, MD",Information Technology,"{'name': 'Small Size', 'short_name': 'small'}",,,,https://www.themuse.com/companies/snsoneinc,https://www.themuse.com/search/jobs/c-snsoneinc,https://assets.themuse.com/uploaded/companies/15000192/small_logo.png
Celonis,15000205,"Munich, Germany",Software,"{'name': 'Large Size', 'short_name': 'large'}",,,,https://www.themuse.com/companies/celonis,https://www.themuse.com/search/jobs/c-celonis,https://assets.themuse.com/uploaded/companies/15000205/small_logo.png
Shapeways,15000193,"New York, NY",Manufacturing,"{'name': 'Medium Size', 'short_name': 'medium'}",,,,https://www.themuse.com/companies/shapeways,https://www.themuse.com/search/jobs/c-shapeways,https://assets.themuse.com/uploaded/companies/15000193/small_logo.png
hims & hers,15000217,"San Francisco, CA",Consumer Goods & Services;Healthcare;Pharmaceutical,"{'name': 'Large Size', 'short_name': 'large'}",,,,https://www.themuse.com/companies/himshers,https://www.themuse.com/search/jobs/c-himshers,https://assets.themuse.com/uploaded/companies/15000217/small_logo.png
Exadel,15000196,"Walnut Creek, CA",Software;Technology,"{'name': 'Large Size', 'short_name': 'large'}",,,,https://www.themuse.com/companies/exadel,https://www.themuse.com/search/jobs/c-exadel,https://assets.themuse.com/uploaded/companies/15000196/small_logo.png
Soho House,15000216,"London, United Kingdom",Consumer Goods & Services;Food & Beverage;Travel and Hospitality,"{'name': 'Large Size', 'short_name': 'large'}",,,,https://www.themuse.com/companies/sohohouse,https://www.themuse.com/search/jobs/c-sohohouse,https://assets.themuse.com/uploaded/companies/15000216/small_logo.png
Udemy,11930,"Ankara, Turkey;Denver, CO;Dublin, Ireland;San Francisco, CA",Education;Technology,"{'name': 'Medium Size', 'short_name': 'medium'}",Udemy improves lives through learning. ,,,https://www.themuse.com/companies/udemy,https://www.themuse.com/search/jobs/c-udemy,https://assets.themuse.com/uploaded/companies/11930/small_logo.png?v=fba9351cdcd5c5d72be2acd556a2da0a21def598e3e3509de23ba3b58b2979ef
AB Tasty,11719,"Cologne, Germany;London, United Kingdom;Madrid, Spain;New York, NY;Paris, France;San Francisco, CA;Singapore",Technology,"{'name': 'Medium Size', 'short_name': 'medium'}","AB Tasty offers an expandable tool for website and conversion rate optimization, personalization, and user engagement.",,,https://www.themuse.com/companies/abtasty,https://www.themuse.com/search/jobs/c-abtasty,https://assets.themuse.com/uploaded/companies/11719/small_logo.png?v=507012906717a71d488e3fd4fc71f8d5a6a210152a0459656126c6eae7f9bb39
Siemens,11913,"Munich, Germany",Engineering;Manufacturing;Technology,"{'name': 'Large Size', 'short_name': 'large'}","From digitalization to automation, we’re changing the cities you live in and the places you work.",,,https://www.themuse.com/companies/siemens,https://www.themuse.com/search/jobs/c-siemens,https://assets.themuse.com/uploaded/companies/11913/small_logo.png?v=ee0654ae2f22c06b68799f5aa721274c53e2d698539eafdb28979f25c673fb5e
Bank of America,12145,"Charlotte, NC",Financial Services,"{'name': 'Large Size', 'short_name': 'large'}","Bank of America provides people, companies, and institutional investors with industry-leading financial products and services. ",,,https://www.themuse.com/companies/bankofamerica,https://www.themuse.com/search/jobs/c-bankofamerica,https://assets.themuse.com/uploaded/companies/12145/small_logo.png?v=99e0494ccb185d77ecfeca617e25b8e7f7da7b92ff38f7c52d20148a2be3a74f
Adyen,15000210,"Amsterdam, Netherlands",Financial Services,"{'name': 'Large Size', 'short_name': 'large'}",,,,https://www.themuse.com/companies/adyen,https://www.themuse.com/search/jobs/c-adyen,https://assets.themuse.com/uploaded/companies/15000210/small_logo.png
Booking.com,1190,"Amsterdam, Netherlands;Bellevue, WA;New York, NY;San Francisco, CA;Seattle, WA",Consumer Goods & Services;Technology;Travel and Hospitality,"{'name': 'Large Size', 'short_name': 'large'}","Empowering people to experience the world is the Booking.com mission. It’s why they tell their customers, “Whatever you want to do, wherever you want to go, you can book it with us.”",,planetbooking,https://www.themuse.com/companies/bookingcom,https://www.themuse.com/search/jobs/c-bookingcom,https://assets.themuse.com/uploaded/companies/1190/small_logo.png?v=99e663cf096a07a5265f144f49df652df297698be92c6e0b0030c49436d52eb1
Merge,15000186,"San Francisco, CA",Software;Technology,"{'name': 'Medium Size', 'short_name': 'medium'}",,,,https://www.themuse.com/companies/merge,https://www.themuse.com/search/jobs/c-merge,https://assets.themuse.com/uploaded/companies/15000186/small_logo.png
Nanit,15000106,"Flexible / Remote;New York, NY;Summit, NJ;Tel Aviv, Israel",Consumer Goods & Services;Fintech;Software;Technology,"{'name': 'Small Size', 'short_name': 'small'}","Part baby monitor, part baby translator, part sleep guru, Nanit is revolutionizing the industry with tech to help babies sleep better!",,,https://www.themuse.com/companies/nanit,https://www.themuse.com/search/jobs/c-nanit,https://assets.themuse.com/uploaded/companies/15000106/small_logo.png?v=5d4d6dac86a0ea7229ffbf5eb4358bd1490c38bd69c72f7a8f37d9f6bbde9601
Circle,15000203,"Boston, MA",Financial Services,"{'name': 'Large Size', 'short_name': 'large'}",,,,https://www.themuse.com/companies/circle,https://www.themuse.com/search/jobs/c-circle,https://assets.themuse.com/uploaded/companies/15000203/small_logo.png
Philips,1103,"Cambridge, MA;Nashville, TN;Seattle, WA",Healthcare;Technology,"{'name': 'Large Size', 'short_name': 'large'}","Philips is a leading health tech company, improving people’s health and enabling better outcomes across the health continuum—from healthy living and prevention to diagnosis, treatment, and home care.",,PhilipsJobsNA,https://www.themuse.com/companies/philips,https://www.themuse.com/search/jobs/c-philips,https://assets.themuse.com/uploaded/companies/1103/small_logo.png?v=540b888124487278bc47591613550101ff3c468cd2e08731f7cffaf9dbbaf381
SpaceX,15000190,"Torrance, CA",Information Technology;Manufacturing,"{'name': 'Large Size', 'short_name': 'large'}",,,,https://www.themuse.com/companies/spacex,https://www.themuse.com/search/jobs/c-spacex,https://assets.themuse.com/uploaded/companies/15000190/small_logo.png
GlossGenius,15000202,"New York, NY",Software,"{'name': 'Medium Size', 'short_name': 'medium'}",,,,https://www.themuse.com/companies/glossgenius,https://www.themuse.com/search/jobs/c-glossgenius,https://assets.themuse.com/uploaded/companies/15000202/small_logo.png
Sotheby's,15000187,"Manhattan, NY",Arts & Music,"{'name': 'Large Size', 'short_name': 'large'}",,,,https://www.themuse.com/companies/sothebys,https://www.themuse.com/search/jobs/c-sothebys,https://assets.themuse.com/uploaded/companies/15000187/small_logo.png
Lyft,11895,Flexible / Remote,Technology,"{'name': 'Large Size', 'short_name': 'large'}","Lyft provides shared rides, bike-share systems, public transit partnerships, and more.",,,https://www.themuse.com/companies/lyft,https://www.themuse.com/search/jobs/c-lyft,https://assets.themuse.com/uploaded/companies/11895/small_logo.png?v=3aa166b7ce8fd83d1423ee60a09b77ce60e2241a91acf17c3aab3ddc3cca6200
Rent the Runway,15000197,"New York, NY",Retail,"{'name': 'Large Size', 'short_name': 'large'}",,,,https://www.themuse.com/companies/renttherunway,https://www.themuse.com/search/jobs/c-renttherunway,https://assets.themuse.com/uploaded/companies/15000197/small_logo.png
Flexport,15000188,"San Francisco, CA",Information Technology,"{'name': 'Large Size', 'short_name': 'large'}",,,,https://www.themuse.com/companies/flexport,https://www.themuse.com/search/jobs/c-flexport,https://assets.themuse.com/uploaded/companies/15000188/small_logo.png
Riot Games,15000199,"Santa Monica, CA",Entertainment & Gaming,"{'name': 'Large Size', 'short_name': 'large'}",,,,https://www.themuse.com/companies/riotgames,https://www.themuse.com/search/jobs/c-riotgames,https://assets.themuse.com/uploaded/companies/15000199/small_logo.png
monday.com,12215,"Chicago, IL;London, United Kingdom;Miami, FL;New York, NY;San Francisco, CA;Sydney, Australia;Tel Aviv, Israel;Tokyo, Japan",Technology,"{'name': 'Medium Size', 'short_name': 'medium'}","monday.com is a cloud-based work operating system where teams create workflow apps in minutes to run their processes, projects, and everyday work.",,,https://www.themuse.com/companies/mondaycom,https://www.themuse.com/search/jobs/c-mondaycom,https://assets.themuse.com/uploaded/companies/12215/small_logo.png?v=115748a479bb796239ba39f1e2a23532bd3dd9eb74396a988d3d88f3d485d4fe
Paperless Post,11912,"New York, NY",Consumer Goods & Services;Technology,"{'name': 'Medium Size', 'short_name': 'medium'}",Paperless Post helps people gather more easily and meaningfully in real life.,,,https://www.themuse.com/companies/paperlesspost,https://www.themuse.com/search/jobs/c-paperlesspost,https://assets.themuse.com/uploaded/companies/11912/small_logo.png?v=78aab4fba2cfbc0283025cbef3867ba149ea6331e359327520468ca01ff157d7
BD,15000277,"San Diego, CA",Healthcare,"{'name': 'Large Size', 'short_name': 'large'}",,,,https://www.themuse.com/companies/bd,https://www.themuse.com/search/jobs/c-bd,https://assets.themuse.com/uploaded/companies/15000277/small_logo.png
Alteryx,15000230,"Irvine, CA",Information Technology,"{'name': 'Large Size', 'short_name': 'large'}","At Alteryx, we believe that analytics can empower all employees to make faster, more insightful, and more confident decisions — regardless of technical skill level. With our low-code, no-code platform and easy drag-and-drop capabilities, everyone can move on from report building and say hello to data storytelling.",,,https://www.themuse.com/companies/alteryx,https://www.themuse.com/search/jobs/c-alteryx,https://assets.themuse.com/uploaded/companies/15000230/small_logo.png
FM Global,15000491,"Johnston, RI",Insurance,"{'name': 'Large Size', 'short_name': 'large'}",,,,https://www.themuse.com/companies/fmglobal,https://www.themuse.com/search/jobs/c-fmglobal,https://assets.themuse.com/uploaded/companies/15000491/small_logo.png
TD Bank,15000266,"Toronto, Canada",Financial Services,"{'name': 'Large Size', 'short_name': 'large'}",,,,https://www.themuse.com/companies/tdbank,https://www.themuse.com/search/jobs/c-tdbank,https://assets.themuse.com/uploaded/companies/15000266/small_logo.png
Forcepoint,15000289,"Austin, TX",Technology,"{'name': 'Large Size', 'short_name': 'large'}",,,,https://www.themuse.com/companies/forcepoint,https://www.themuse.com/search/jobs/c-forcepoint,https://assets.themuse.com/uploaded/companies/15000289/small_logo.png
ShorePoint Health - Port Charlotte,15000525,"Port Charlotte, FL",Healthcare,"{'name': 'Large Size', 'short_name': 'large'}",,,,https://www.themuse.com/companies/shorepointhealthportcharlotte,https://www.themuse.com/search/jobs/c-shorepointhealthportcharlotte,https://assets.themuse.com/uploaded/companies/15000525/small_logo.png
Royal Bank of Canada,15000240,"Minneapolis, MN",Financial Services,"{'name': 'Large Size', 'short_name': 'large'}",,,,https://www.themuse.com/companies/royalbankofcanada,https://www.themuse.com/search/jobs/c-royalbankofcanada,https://assets.themuse.com/uploaded/companies/15000240/small_logo.png
Diageo,15000218,"Aliso Viejo, CA;Amherstburg, Canada;Chicago, IL;Gimli, Canada;Lebanon, KY;Louisville, KY;Miami, FL;New York, NY;Plainfield, IL;Portland, OR;Saint Croix, U.S. Virgin Islands;Salaberry-de-Valleyfield, Canada;Stamford, CT;Toronto, Canada;Tullahoma, TN;Waco, TX;Washington, DC",Consumer Goods & Services;Food & Beverage;Manufacturing,"{'name': 'Large Size', 'short_name': 'large'}","We are obsessed with building brands that will stand the test of time. Creativity with precision describes how we effectively combine data, insights and innovation, across the supply chain, with the creative flair our consumers expect from the custodian of some of the most iconic brands in the world. Our culture is rooted in a deep sense of our purpose, the personal connections we have to our brands, our relationships with each other and our passion to win in the marketplace. Our ambition is to be one of the best performing, most trusted and respected consumer products companies in the world. This means we must do business the right way, from grain to glass, and ensure our people are highly engaged and continuously learning.",,,https://www.themuse.com/companies/diageo,https://www.themuse.com/search/jobs/c-diageo,https://assets.themuse.com/uploaded/companies/15000218/small_logo.png
Advanced Technology Services,15000484,"Peoria, IL",Manufacturing;Technology,"{'name': 'Large Size', 'short_name': 'large'}",,,,https://www.themuse.com/companies/advancedtechnologyservices,https://www.themuse.com/search/jobs/c-advancedtechnologyservices,https://assets.themuse.com/uploaded/companies/15000484/small_logo.png
The Thompson Organization,15000529,"Warminster, PA",Manufacturing,"{'name': 'Large Size', 'short_name': 'large'}",,,,https://www.themuse.com/companies/thethompsonorganization,https://www.themuse.com/search/jobs/c-thethompsonorganization,https://assets.themuse.com/uploaded/companies/15000529/small_logo.png
Rentokil Terminix,15000273,"Memphis, TN",Consumer Goods & Services,"{'name': 'Large Size', 'short_name': 'large'}",,,,https://www.themuse.com/companies/rentokilterminix,https://www.themuse.com/search/jobs/c-rentokilterminix,https://assets.themuse.com/uploaded/companies/15000273/small_logo.png
DXL,15000522,"Canton, MA",Retail,"{'name': 'Large Size', 'short_name': 'large'}",,,,https://www.themuse.com/companies/dxl,https://www.themuse.com/search/jobs/c-dxl,https://assets.themuse.com/uploaded/companies/15000522/small_logo.png
Heartlite Hospice,15000531,"Scottsboro, AL",Healthcare,"{'name': 'Medium Size', 'short_name': 'medium'}",,,,https://www.themuse.com/companies/heartlitehospice,https://www.themuse.com/search/jobs/c-heartlitehospice,https://assets.themuse.com/uploaded/companies/15000531/small_logo.png
Geisinger,15000521,"Danville, PA",Healthcare,"{'name': 'Large Size', 'short_name': 'large'}",,,,https://www.themuse.com/companies/geisinger,https://www.themuse.com/search/jobs/c-geisinger,https://assets.themuse.com/uploaded/companies/15000521/small_logo.png
Bradshaw Home,15000483,"Rancho Cucamonga, CA",Manufacturing,"{'name': 'Medium Size', 'short_name': 'medium'}","With a rich history rooted in a passion for innovation, we've been shaping the way households function for decades. Our commitment to excellence has made us a household name, synonymous with reliability, creativity, and cutting-edge solutions. As we continue to evolve, we're not just creating products; we're shaping lifestyles.",,,https://www.themuse.com/companies/bradshawhome,https://www.themuse.com/search/jobs/c-bradshawhome,https://assets.themuse.com/uploaded/companies/15000483/small_logo.png
Appfire,15000095,"Burlington, MA;Gdańsk, Poland;Sofia, Bulgaria;Vancouver, Canada;Warsaw, Poland;Zurich, Switzerland",Software;Technology,"{'name': 'Medium Size', 'short_name': 'medium'}",Appfire is a leading provider of software that helps developers and teams solve modern challenges with digital solutions.,,,https://www.themuse.com/companies/appfire,https://www.themuse.com/search/jobs/c-appfire,https://assets.themuse.com/uploaded/companies/15000095/small_logo.png?v=594b9b1839c887f1b2726c178afb9560f287b5880ced986dc0a13d613c0b43ff
CompTIA,15000312,"Diepsloot, South Africa;Downers Grove, IL;London, United Kingdom;Tokyo, Japan;Washington, DC",Education;Information Technology;Non-Profit;Technology,"{'name': 'Medium Size', 'short_name': 'medium'}","CompTIA is the most respected place to help students, career changers, tech professionals—anyone—start and succeed in a tech career. We impact more than 1 million people every year, by providing affordable, quick learning resources in both self-study and online formats. CompTIA resources are found in community colleges, online universities and with training providers. We are a global leader respected by employers around the world, defining the necessary workforce skills and required knowledge. Our global community is dedicated to solving real business problems and future-proofing for success.",,,https://www.themuse.com/companies/comptia,https://www.themuse.com/search/jobs/c-comptia,https://assets.themuse.com/uploaded/companies/15000312/small_logo.png
Carlsbad Medical Center,15000526,"Carlsbad, NM",Healthcare,"{'name': 'Medium Size', 'short_name': 'medium'}",,,,https://www.themuse.com/companies/carlsbadmedicalcenter,https://www.themuse.com/search/jobs/c-carlsbadmedicalcenter,https://assets.themuse.com/uploaded/companies/15000526/small_logo.png
Airbase,15000153,"Bangalore, India;Flexible / Remote;San Francisco, CA",Fintech,"{'name': 'Medium Size', 'short_name': 'medium'}","Airbase is the only truly comprehensive spend management platform for midsize and complex companies. It combines three products - accounts payable, an advanced corporate card program, and employee expense reimbursements - into one system. Implemented individually, each product has all the core functionality you expect from a best-of-breed solution. Taken together, Airbase provides a consistent and efficient platform experience for all non-payroll spend. The automation of accounting and approval workflows results in visibility and control, a faster close, and real-time reporting.",,,https://www.themuse.com/companies/airbase,https://www.themuse.com/search/jobs/c-airbase,https://assets.themuse.com/uploaded/companies/15000153/small_logo.png
PitchBook Data,15000177,"London, United Kingdom;Manhattan, NY;San Francisco, CA;Seattle, WA;Singapore",Financial Services;Fintech;Technology,"{'name': 'Large Size', 'short_name': 'large'}","PitchBook is a research firm and financial data provider that empowers
global capital market professionals to win what’s next. We collect and
analyze information on the entire investment and business lifecycle. Our
data, research, and insights are available through our in-depth reports,
industry news, and robust platform.
From serving 34 client accounts and 136 users in 2009 to more than
9,000 accounts and nearly 100,000 users today, our focus remains the
same—provide our customers with unparalleled access to:

Powerful data
Timely insights
Trusted research
And dedicated people
All to help them win",,,https://www.themuse.com/companies/pitchbookdata,https://www.themuse.com/search/jobs/c-pitchbookdata,https://assets.themuse.com/uploaded/companies/15000177/small_logo.png
Data Annotation,15000323,"Flexible / Remote;New York, NY",Data Science;Marketing;Media;Technology,"{'name': 'Large Size', 'short_name': 'large'}","When you apply to Data Annotation you will sign up, create a dashboard, and be filtered through our onboarding flow. The onboarding experience not only helps train you to understand each project but allows the Data Annotation team to cater specific projects that align best with your expertise.",,,https://www.themuse.com/companies/dataannotation,https://www.themuse.com/search/jobs/c-dataannotation,https://assets.themuse.com/uploaded/companies/15000323/small_logo.png
Navy Federal Credit Union,12194,"Vienna, VA",Financial Services,"{'name': 'Large Size', 'short_name': 'large'}",,,,https://www.themuse.com/companies/navyfederalcreditunion,https://www.themuse.com/search/jobs/c-navyfederalcreditunion,https://assets.themuse.com/uploaded/companies/12194/small_logo.png
Howard Hughes,15000263,"The Woodlands, TX",Real Estate & Construction,"{'name': 'Large Size', 'short_name': 'large'}","We own, manage, and develop commercial, residential, and mixed-use real estate throughout the U.S. Our award winning assets include the Seaport in New York City; Downtown Columbia® in Maryland; The Woodlands®, Bridgeland® and The Woodlands Hills® in the Greater Houston, Texas area; Summerlin® in Las Vegas; Ward Village® in Honolulu, Hawaii; and Teravalis™ in the Greater Phoenix, Arizona area. We are strategically positioned to meet and accelerate development based on market demand, resulting in one of the strongest real estate platforms in the country. Dedicated to innovative placemaking, we are committed to design excellence and to the cultural life of our communities.",,,https://www.themuse.com/companies/howardhughes,https://www.themuse.com/search/jobs/c-howardhughes,https://assets.themuse.com/uploaded/companies/15000263/small_logo.png
BNY Mellon,12400,"Beijing, China;Chennai, India;Dublin, Ireland;London, United Kingdom;Montreal, Canada;New York, NY;Pittsburgh, PA;San Francisco, CA;Singapore;Toronto, Canada",Client Services;Financial Services;Technology,"{'name': 'Large Size', 'short_name': 'large'}","You can make a difference by working at BNY Mellon, where finance, technology and business intersect, to power the global financial industry.",,,https://www.themuse.com/companies/bnymellon,https://www.themuse.com/search/jobs/c-bnymellon,https://assets.themuse.com/uploaded/companies/12400/small_logo.png?v=dd1a449be107f6edbce05689b2b67b04917cc1c2ce887c1fbd532268f4a15f48
Uber,61,"Amsterdam, Netherlands;Bangalore, India;Buenos Aires, Argentina;Chicago, IL;Dallas, TX;Hong Kong;Hyderabad, India;Krakow, Poland;London, United Kingdom;Mexico City, Mexico;New York, NY;Paris, France;Phoenix, AZ;San Francisco, CA;Seattle, WA;Sunnyvale, CA;Sydney, Australia;São Paulo, Brazil;Taipei, Taiwan;Tokyo, Japan;Toronto, Canada;Visakhapatnam, India",Technology,"{'name': 'Large Size', 'short_name': 'large'}","Uber is changing how people think about transportation, part of the logistical fabric of 600+ cities. Whether it’s a ride, a sandwich, or a package, Uber gives people what they want when they want it.",,uber,https://www.themuse.com/companies/uber,https://www.themuse.com/search/jobs/c-uber,https://assets.themuse.com/uploaded/companies/61/small_logo.png?v=b82887fc031783c73c6f38115fbe93c547b8159f795e6db9882f519bb7ccd44c
Enovis,15000213,"Atlanta, GA;Austin, TX;Carlsbad, CA;Dallas, TX;Houston, TX;Tijuana, Mexico;Wilmington, DE",Healthtech,"{'name': 'Large Size', 'short_name': 'large'}","Enovis Corporation (NYSE: ENOV) is an innovation-driven medical technology growth company dedicated to developing clinically differentiated solutions that generate measurably better patient outcomes and transform workflows. Powered by a culture of continuous improvement, global talent and innovation, the Company’s extensive range of products, services and integrated technologies fuels active lifestyles in orthopedics and beyond. Visit www.enovis.com to learn more.",,,https://www.themuse.com/companies/enovis,https://www.themuse.com/search/jobs/c-enovis,https://assets.themuse.com/uploaded/companies/15000213/small_logo.png
Heart of Hospice LLC,15000527,"North Charleston, SC",Healthcare,"{'name': 'Large Size', 'short_name': 'large'}",,,,https://www.themuse.com/companies/heartofhospicellc,https://www.themuse.com/search/jobs/c-heartofhospicellc,https://assets.themuse.com/uploaded/companies/15000527/small_logo.png
Edward Jones,15000461,"St. Louis, MO",Financial Services,"{'name': 'Large Size', 'short_name': 'large'}","Edward Jones provides personalized investment advice and financial services through a network of dedicated financial advisors. Founded in 1922, the firm focuses on building strong client relationships and offers solutions for retirement planning, education savings, and wealth management. The decentralized model emphasizes local connections, and the company is known for its commitment to client-centric values, fostering a collaborative culture where employees can contribute to meaningful work and professional growth.",,,https://www.themuse.com/companies/edwardjones,https://www.themuse.com/search/jobs/c-edwardjones,https://assets.themuse.com/uploaded/companies/15000461/small_logo.png
LogicMonitor,15000500,"Santa Barbara, CA",Software,"{'name': 'Large Size', 'short_name': 'large'}",,,,https://www.themuse.com/companies/logicmonitor,https://www.themuse.com/search/jobs/c-logicmonitor,https://assets.themuse.com/uploaded/companies/15000500/small_logo.png
Arcesium,15000297,"Alīpur, India;Bangalore, India;Hyderabad, India;London, United Kingdom;Manhattan, NY",Financial Services;Fintech,"{'name': 'Large Size', 'short_name': 'large'}","Arcesium delivers an advanced data, operations, and analytics platform used by some of the world’s most sophisticated asset managers and financial services organizations. We designed our elegant SaaS platform with industry-specific capabilities to harmonize massive amounts of disparate data and deliver unparalleled speed, accuracy, and decision-making capabilities. Our exceptionally consultative and collaborative approach coupled with deep domain expertise helps our clients achieve transformational business outcomes.",,,https://www.themuse.com/companies/arcesium,https://www.themuse.com/search/jobs/c-arcesium,https://assets.themuse.com/uploaded/companies/15000297/small_logo.png
Infosys,15000261,"Bangalore, India",Consulting;Information Technology,"{'name': 'Large Size', 'short_name': 'large'}","Infosys is a global leader in next-generation digital services and consulting. We enable clients in more than 50 countries to navigate their digital transformation. With over four decades of experience in managing the systems and workings of global enterprises, we expertly steer our clients through their digital journey. 

We do it by enabling the enterprise with an AI-powered core that helps prioritize the execution of change. We also empower the business with agile digital at scale to deliver unprecedented levels of performance and customer delight. Our always-on learning agenda drives their continuous improvement through building and transferring digital skills, expertise, and ideas from our innovation ecosystem.",,,https://www.themuse.com/companies/infosys,https://www.themuse.com/search/jobs/c-infosys,https://assets.themuse.com/uploaded/companies/15000261/small_logo.png
Interos Inc,15000227,"Arlington, VA;Cheltenham, United Kingdom",Software,"{'name': 'Medium Size', 'short_name': 'medium'}","Interos uses AI and Machine Learning to help companies avoid costly and catastrophic supply chain disruptions.
• We help our customers in Financial Services, Aeor-Defense, Public Sector protect their supply chains from things they couldn’t even imagine – like sanctions from the Russia/Ukraine war, forced labor, floods, droughts, and Covid.
• We do this by continuously monitoring over 300M global suppliers for multiple risks –including ESG, Financial, Operational, and more.
• Our software helps companies and governments keep doing what they need to do, keep financial systems running, power and energy flowing, make technologies for national defense, protected from disruption by unfamiliar events that disrupt their supply chains",,,https://www.themuse.com/companies/interosinc,https://www.themuse.com/search/jobs/c-interosinc,https://assets.themuse.com/uploaded/companies/15000227/small_logo.png
Publicis Sapient,15000299,"Aubervilliers Cedex, France;Bangkok, Thailand;Boston, MA;Copenhagen, Denmark;Göteborg, Sweden;Köln, Germany;London, United Kingdom;Mumbai, India;Singapore;Sydney, Australia;Toronto, Canada",Consulting;Technology,"{'name': 'Large Size', 'short_name': 'large'}","As the digital transformation hub of Publicis Groupe, Publicis Sapient helps organizations build the capabilities they need to not only meet but exceed customer expectations—thereby setting a new standard for every other customer-facing entity.

We create value for our client’s customers at speed and at scale.  

What sets us apart is how we bring our capabilities together, making the whole greater than the sum of its parts. Rather than strategy-first, consulting-first, systems integration-first, or outsourcing-first; we bring all of our capabilities together in service of the customer.

We’ve created a unique fusion of strategy, consulting, experience and engineering with a culture of problem-solving creativity.",,,https://www.themuse.com/companies/publicissapient,https://www.themuse.com/search/jobs/c-publicissapient,https://assets.themuse.com/uploaded/companies/15000299/small_logo.png
PTFS,12038,"Rockville, MD",Technology,"{'name': 'Small Size', 'short_name': 'small'}",TBD,,,https://www.themuse.com/companies/ptfs,https://www.themuse.com/search/jobs/c-ptfs,https://assets.themuse.com/uploaded/companies/12038/small_logo.png?v=c0e66845ef211b19628ae36b7d868afb16d3baa5ce463ec97a3e0dd269ba70a7
BAXTER,15000540,,,"{'name': 'Large Size', 'short_name': 'large'}",,,,https://www.themuse.com/companies/baxter,https://www.themuse.com/search/jobs/c-baxter,https://assets.themuse.com/uploaded/companies/15000540/small_logo.png
Copper,12326,"San Francisco, CA",Client Services;Technology,"{'name': 'Small Size', 'short_name': 'small'}",TBD,,,https://www.themuse.com/companies/copper,https://www.themuse.com/search/jobs/c-copper,https://assets.themuse.com/uploaded/companies/12326/small_logo.png?v=c0447b3357958d8144756b0618f2e20fe13584cd4b54b5159ffc99e756f0f64a
First Republic Bank,12243,"Boston, MA;Greenwich, CT;Jackson Hole, WY;Manhattan Beach, CA;New York, NY;Newport Beach, CA;Palm Beach, FL;Palo Alto, CA;Portland, OR;San Diego, CA;San Francisco, CA;Santa Barbara, CA",Financial Services,"{'name': 'Large Size', 'short_name': 'large'}",First Republic was founded on the belief that a truly differentiated culture is devoted to exceptional client service in the banking industry.,,,https://www.themuse.com/companies/firstrepublicbank,https://www.themuse.com/search/jobs/c-firstrepublicbank,https://assets.themuse.com/uploaded/companies/12243/small_logo.png?v=a92066436953bf27d000428acf1bdaab191f8a4f3d06fe613902d75cc434e3b6
Capgemini,15000231,"Buckhead, GA;Charlotte, NC;Chicago, IL;Dallas, TX;Hoskote, India;London, United Kingdom;New York, NY;Puteaux, France;South San Francisco, CA",Consulting;Information Technology,"{'name': 'Large Size', 'short_name': 'large'}",,,,https://www.themuse.com/companies/capgemini,https://www.themuse.com/search/jobs/c-capgemini,https://assets.themuse.com/uploaded/companies/15000231/small_logo.png
Q4,15000099,"Toronto, Canada",Fintech,"{'name': 'Medium Size', 'short_name': 'medium'}","Q4's capital markets communication platform is transforming the way that public companies, investment banks and investors communicate and engage.",,,https://www.themuse.com/companies/q4,https://www.themuse.com/search/jobs/c-q4,https://assets.themuse.com/uploaded/companies/15000099/small_logo.png?v=7af453a815ababba4a2b7c94afca267195d592e9f8e81430a3ab7caa4ac53a05
Computershare,15000241,"Denver, CO;Jacksonville, FL;Louisville, KY;Melbourne, Australia;Minneapolis, MN;Tempe, AZ",Financial Services,"{'name': 'Large Size', 'short_name': 'large'}",,,,https://www.themuse.com/companies/computershare,https://www.themuse.com/search/jobs/c-computershare,https://assets.themuse.com/uploaded/companies/15000241/small_logo.png
Calyx,15000494,"Beijing, China;Berlin, Germany;Boston, MA;Hyderabad, India;Nottingham, U.K.;Shanghai, China;Tokyo, Japan",Biotechnology,"{'name': 'Large Size', 'short_name': 'large'}","Through innovative eClinical solutions and services, Calyx turns the uncertain into the reliable, helping bring new medical treatments to market faster. With deep expertise in clinical development and more than 25 years of supporting trial sponsors and clinical research organizations (CROs), Calyx harnesses that intelligence and activates its potential to solve complex problems, deliver fast insights, and get new drugs to market every day.",,,https://www.themuse.com/companies/calyx,https://www.themuse.com/search/jobs/c-calyx,https://assets.themuse.com/uploaded/companies/15000494/small_logo.png
ShiftKey,15000287,"Austin, TX;Cleveland, OH;Irving, TX;Warsaw, Poland",Technology,"{'name': 'Large Size', 'short_name': 'large'}","ShiftKey takes pride in building a culture where people are comfortable thriving and being authentic at work. As we embrace diverse and respective perspectives, we gain visibility into innovative solutions that can change the world. Love and Thunder are the center of ShiftKey's cultural values. Love is our WHY, putting people at the center, and Thunder is our HOW -it's the speed at which we deliver decisions and communicate results. Our mission is to transform access and integrity in the workplace by embracing and expanding the future of work, empowering people to work on their terms, and reinvesting in the community.",,,https://www.themuse.com/companies/shiftkey,https://www.themuse.com/search/jobs/c-shiftkey,https://assets.themuse.com/uploaded/companies/15000287/small_logo.png
Santa Rosa Medical Center,15000523,"Milton, FL",Healthcare,"{'name': 'Large Size', 'short_name': 'large'}",,,,https://www.themuse.com/companies/santarosamedicalcenter,https://www.themuse.com/search/jobs/c-santarosamedicalcenter,https://assets.themuse.com/uploaded/companies/15000523/small_logo.png
Rapid7,12130,"Austin, TX;Belfast, United Kingdom;Boston, MA;Crystal City, VA;Dublin, Ireland;Freising, Germany;Manhattan Beach, CA;Melbourne, Australia;Paris, France;Reading, United Kingdom;Toronto, Canada",Technology,"{'name': 'Large Size', 'short_name': 'large'}",Rapid7 (NASDAQ: RPD) is helping organizations around the globe advance securely.,,,https://www.themuse.com/companies/rapid7,https://www.themuse.com/search/jobs/c-rapid7,https://assets.themuse.com/uploaded/companies/12130/small_logo.png?v=d8ad64822033b6c482b78e1db8765873e2397a56542f4ba125f158c8afd34c43
Praesum Healthcare,15000468,"Alpharetta, GA;Cherry Hill, NJ;Clark, NJ;Duluth, GA;Fair Lawn, NJ;Fairfax, VA;Fort Lauderdale, FL;Freehold, NJ;Lake Worth, FL;Long Island, NY;Middlesex, NJ;Millbury, MA;Monmouth Junction, NJ;Orlando, FL;Robbinsville, NJ;Roswell, GA;Roxbury, NJ;Stirling, NJ;Toms River, NJ;West Caldwell, NJ;Yorktown, NY",Healthcare,"{'name': 'Large Size', 'short_name': 'large'}","Praesum Healthcare was founded in 2004 with a simple idea: Every patient should have a chance to overcome substance addiction through quality treatment centers and behavioral health services. We saw a growing demand for compassionate, evidence-based treatments and developed our services from the ground up to address the needs of our communities. By treating the whole patient and not just the symptoms, we regularly update our offerings so that our addiction and behavioral care can make a lasting impact. Then, we centralized routine administrative tasks so that our clinicians can focus on what’s most important -- the health and recovery of our patients. We operate more than thirty of the top behavioral health centers in the Eastern US.",,,https://www.themuse.com/companies/praesumhealthcare,https://www.themuse.com/search/jobs/c-praesumhealthcare,https://assets.themuse.com/uploaded/companies/15000468/small_logo.png
GitLab,15000088,"San Francisco, CA",Software;Technology,"{'name': 'Large Size', 'short_name': 'large'}","GitLab is one of the world’s largest all-remote companies. Our DevOps platform powers 100,000+ organizations.",,,https://www.themuse.com/companies/gitlab,https://www.themuse.com/search/jobs/c-gitlab,https://assets.themuse.com/uploaded/companies/15000088/small_logo.png?v=15965cd76a499729c71f82b70c891e57262b38c6ca6e2fbde388c3b0a96df087
The Hartford,15000168,"Hartford, CT",Financial Services;Insurance,"{'name': 'Large Size', 'short_name': 'large'}","For more than 211 years, The Hartford has provided people and businesses with the support and protection they need to pursue their unique ambitions, seize opportunity and prevail through unexpected challenges. We view underwriting human achievement to be at the heart of what we do, aiming to build resilience in our communities, empower personal and business success for our customers and create a culture where our employees can thrive.",,,https://www.themuse.com/companies/thehartford,https://www.themuse.com/search/jobs/c-thehartford,https://assets.themuse.com/uploaded/companies/15000168/small_logo.png
Aarons,15000548,,,"{'name': 'Large Size', 'short_name': 'large'}",,,,https://www.themuse.com/companies/aarons,https://www.themuse.com/search/jobs/c-aarons,https://assets.themuse.com/uploaded/companies/15000548/small_logo.png
ReachMobi Inc,12095,"Bonita Springs, FL;Philadelphia, PA",Technology,"{'name': 'Small Size', 'short_name': 'small'}",ReachMobi builds apps that deliver amazing personalization and impressive productivity,,,https://www.themuse.com/companies/reachmobiinc,https://www.themuse.com/search/jobs/c-reachmobiinc,https://assets.themuse.com/uploaded/companies/12095/small_logo.png?v=0b28fde917b48ec077a9034ebd56b97336262229bc9d4f5b26e1c8c81b74788e
Pfizer,12364,"New York, NY",Biotechnology;Manufacturing,"{'name': 'Small Size', 'short_name': 'small'}",TBD,,,https://www.themuse.com/companies/pfizer,https://www.themuse.com/search/jobs/c-pfizer,https://assets.themuse.com/uploaded/companies/12364/small_logo.png?v=445d9aecc1b1bdafc328f9616c1805d993ea8f0794aff813847cd5911ac1bacc
NTT DATA Services,12137,"Plano, TX",Client Services;Consulting;Technology,"{'name': 'Large Size', 'short_name': 'large'}","NTT DATA Services is a top 10 global IT services provider with 130,000+ employees in more than 50 countries.",,,https://www.themuse.com/companies/nttdataservices,https://www.themuse.com/search/jobs/c-nttdataservices,https://assets.themuse.com/uploaded/companies/12137/small_logo.png?v=45015eb3e0e6abc707291573ae387d9b2d4d110ff9062004b790b212416c1b13
PJM,15000246,"King of Prussia, PA",Technology,"{'name': 'Large Size', 'short_name': 'large'}",,,,https://www.themuse.com/companies/pjm,https://www.themuse.com/search/jobs/c-pjm,https://assets.themuse.com/uploaded/companies/15000246/small_logo.png
Lenovo,15000544,"Beijing, China",Information Technology,"{'name': 'Large Size', 'short_name': 'large'}",,,,https://www.themuse.com/companies/lenovo,https://www.themuse.com/search/jobs/c-lenovo,https://assets.themuse.com/uploaded/companies/15000544/small_logo.png
Kustomer,12311,"New York, NY",Client Services;Technology,"{'name': 'Small Size', 'short_name': 'small'}",TBD,,,https://www.themuse.com/companies/kustomer,https://www.themuse.com/search/jobs/c-kustomer,https://assets.themuse.com/uploaded/companies/12311/small_logo.png?v=d815152d4c3b1e31ac87dca60e073195072ef2aa9fdfa6c0998033ee4cd17632
Kraft Heinz,12312,"Mendota, MN",Food & Beverage,"{'name': 'Small Size', 'short_name': 'small'}",TBD,,,https://www.themuse.com/companies/kraftheinz,https://www.themuse.com/search/jobs/c-kraftheinz,https://assets.themuse.com/uploaded/companies/12312/small_logo.png?v=a9a66431a3b3fed4cb6895fcbc3693b0a235f19913d9b5b3c210f31c4c8f289f
Eaton,15000183,"Dublin, Ireland",Energy;Engineering;Manufacturing,"{'name': 'Large Size', 'short_name': 'large'}","Today, the world runs on critical infrastructure and technology. Planes. Hospitals. Factories. Data centers. Vehicles. The electrical grid. These are things people depend on every day. And the companies behind them depend on us to help solve some of the toughest power management challenges on the planet. At Eaton, we’re dedicated to improving people’s lives and the environment with power management technologies that are more reliable, efficient, safe and sustainable. Making it work takes the passion and creativity of every employee around the world. Discover the career opportunities waiting for you.",,,https://www.themuse.com/companies/eaton,https://www.themuse.com/search/jobs/c-eaton,https://assets.themuse.com/uploaded/companies/15000183/small_logo.png
LVMH,12357,"Paris, France",Consumer Goods & Services,"{'name': 'Small Size', 'short_name': 'small'}",TBD,,,https://www.themuse.com/companies/lvmh,https://www.themuse.com/search/jobs/c-lvmh,https://assets.themuse.com/uploaded/companies/12357/small_logo.png?v=a4e082522fa8f4608d8252971d4da25525a604d2648931a55e9a3cc7b6a8bc84
West Monroe,15000212,"Chicago, IL;Dallas, TX;London, United Kingdom;Los Angeles, CA;Minneapolis, MN;New York, NY;San Francisco, CA;San José, Costa Rica;Seattle, WA;Washington, DC",Consulting;Technology,"{'name': 'Large Size', 'short_name': 'large'}","West Monroe is a digital services firm that was born in technology but built for business—partnering with companies in transformative industries to deliver quantifiable financial value. 

We believe that digital is a mindset—not a project, a team, or a destination—and it’s something companies become, not something they do. That’s why we work in diverse, multidisciplinary teams that blend management consulting, digital design, and product engineering to move companies from traditional ways of working to digital operating models—and create experiences that transcend the digital and physical worlds. Connected by the 13 founding values that drive our culture, our 2,000 employees work collaboratively across the firm with the belief that your suc",,,https://www.themuse.com/companies/westmonroe,https://www.themuse.com/search/jobs/c-westmonroe,https://assets.themuse.com/uploaded/companies/15000212/small_logo.png
Aircall,12234,"New York, NY",Technology,"{'name': 'Large Size', 'short_name': 'large'}",Aircall’s vision is to make phone support as easy to manage as any other business workflow.,,,https://www.themuse.com/companies/aircall,https://www.themuse.com/search/jobs/c-aircall,https://assets.themuse.com/uploaded/companies/12234/small_logo.png?v=09f013a94cad2962ca2a451bc991bb7136108c01f881f9f035f9b3aafd01e17b
M2 Technologies,12112,"Berlin, CT;Boston, MA;Nashua, NH;Philadelphia, PA;Washington, DC",Consulting;Manufacturing;Technology,"{'name': 'Small Size', 'short_name': 'small'}","We’re a consulting firm focused on productivity, improving process efficiency, and reducing manufacturing costs.",,,https://www.themuse.com/companies/m2technologies,https://www.themuse.com/search/jobs/c-m2technologies,https://assets.themuse.com/uploaded/companies/12112/small_logo.png?v=5f7a487f3baab1fc23967942eab98b23235dcd273b9a520899f5ab996d305097
Intel,53,"Chandler, AZ;Folsom, CA;Portland, OR;Rio Rancho, NM;Santa Clara, CA",Technology,"{'name': 'Large Size', 'short_name': 'large'}",Intel is an innovative technology company that uses artificial intelligence to elevate multiple industries. ,,,https://www.themuse.com/companies/intel,https://www.themuse.com/search/jobs/c-intel,https://assets.themuse.com/uploaded/companies/53/small_logo.png?v=1dc5bf9323101d312ab0c5963057f9e367a465031b57ddb5088f1807f0b181e6
"Esusu Financial, Inc.",12117,"New York, NY",Financial Services;Technology,"{'name': 'Small Size', 'short_name': 'small'}",Esusu is a fintech platform that leverages data solutions to empower tenants and improve property performance. ,,,https://www.themuse.com/companies/esusufinancialinc,https://www.themuse.com/search/jobs/c-esusufinancialinc,https://assets.themuse.com/uploaded/companies/12117/small_logo.png?v=e1b90714d135948799a2b965820851fb39519f2b77396be33285f3d7aebf2d43
Robinhood,11964,"Charlotte, NC;Chicago, IL;Denver, CO;Lake Mary, FL;Menlo Park, CA;New York, NY;Seattle, WA;Tempe, AZ;Washington, DC;Westlake, TX",Financial Services;Technology,"{'name': 'Medium Size', 'short_name': 'medium'}",Robinhood is on a mission to democratize finance for all.,,,https://www.themuse.com/companies/robinhood,https://www.themuse.com/search/jobs/c-robinhood,https://assets.themuse.com/uploaded/companies/11964/small_logo.png?v=150e72767c5cf48382f5e2716ebc16913eed57ac57dfc10cac648ad8c221c1b7
Lockheed Martin,12128,"Bethesda, MD",Technology,"{'name': 'Large Size', 'short_name': 'large'}",Lockheed Martin is a global security and aerospace company.,,,https://www.themuse.com/companies/lockheedmartin,https://www.themuse.com/search/jobs/c-lockheedmartin,https://assets.themuse.com/uploaded/companies/12128/small_logo.png?v=004b099d61d72c9e15ca86d9136eafb31fc32aec2561266853156e8522656dc8
Discover,12009,"Chicago, IL;Farnborough, United Kingdom;Houston, TX;New Albany, OH;Newark, DE;Phoenix, AZ;Riverwoods, IL;Shanghai, China;Singapore;West Valley City, UT",Financial Services,"{'name': 'Large Size', 'short_name': 'large'}",TBD,,,https://www.themuse.com/companies/discover,https://www.themuse.com/search/jobs/c-discover,https://assets.themuse.com/uploaded/companies/12009/small_logo.png?v=d17f63f346f264ac38de9b686e6e6f1ad1f5170d75b167cca6f4caf93bfad09f
Freshworks,12316,"San Mateo, CA",Technology,"{'name': 'Small Size', 'short_name': 'small'}",TBD,,,https://www.themuse.com/companies/freshworks,https://www.themuse.com/search/jobs/c-freshworks,https://assets.themuse.com/uploaded/companies/12316/small_logo.png?v=dcc9a6b4e4a97333c9ee1d1e71d0b343b9f949ada4a7a63b515d6f88ddf82acd
World Wide Technology,15000248,"Maryland Heights, MO",Information Technology,"{'name': 'Large Size', 'short_name': 'large'}",,,,https://www.themuse.com/companies/worldwidetechnology,https://www.themuse.com/search/jobs/c-worldwidetechnology,https://assets.themuse.com/uploaded/companies/15000248/small_logo.png
Hulu,12350,"Santa Monica, CA",Entertainment & Gaming;Technology,"{'name': 'Small Size', 'short_name': 'small'}",TBD,,,https://www.themuse.com/companies/hulu,https://www.themuse.com/search/jobs/c-hulu,https://assets.themuse.com/uploaded/companies/12350/small_logo.png?v=ae86a6c1b5dc26e09a309bc3141ae6dad215a1abd466aa877341b702ff6a3824
Flatiron Health,12111,"Berlin, Germany;Durham, NC;Flexible / Remote;London, United Kingdom;New York, NY;Raleigh, NC;San Francisco, CA;Tokyo, Japan",Healthcare;Healthtech;Technology,"{'name': 'Medium Size', 'short_name': 'medium'}",Flatiron Health is a healthcare technology company focused on accelerating cancer research and improving patient care.,,,https://www.themuse.com/companies/flatironhealth,https://www.themuse.com/search/jobs/c-flatironhealth,https://assets.themuse.com/uploaded/companies/12111/small_logo.png?v=cd5ad9625b7f38bb7935172c84194cfb1aeb786cc0a1157241bd193e37afa031
Surescripts,15000254,"Arlington, VA;Flexible / Remote;Hillsboro, OR;Minneapolis, MN;Raleigh, NC",Healthcare;Healthtech;Information Technology,"{'name': 'Large Size', 'short_name': 'large'}","At Surescripts, we convene healthcare organizations nationwide to simplify how health intelligence is shared. Together, we work to deliver the right information for the right purpose at the right time, all while maintaining the highest standards for network access, security and performance. When we empower healthcare professionals with trusted insights, we increase patient safety, lower costs and ensure quality care.",,,https://www.themuse.com/companies/surescripts,https://www.themuse.com/search/jobs/c-surescripts,https://assets.themuse.com/uploaded/companies/15000254/small_logo.png
Assurance,12392,"Seattle, WA",Insurance,"{'name': 'Medium Size', 'short_name': 'medium'}","Assurance is a leading platform that connects independent insurance agents with free, qualified life insurance shoppers. ",,,https://www.themuse.com/companies/assurance,https://www.themuse.com/search/jobs/c-assurance,https://assets.themuse.com/uploaded/companies/12392/small_logo.png?v=bbce2279b0aeb5bb2f65617f857913694c50c085e75413c8307c79b54bde2cb5
Snap,12363,"Santa Monica, CA",Social Media,"{'name': 'Small Size', 'short_name': 'small'}",TBD,,,https://www.themuse.com/companies/snap,https://www.themuse.com/search/jobs/c-snap,https://assets.themuse.com/uploaded/companies/12363/small_logo.png?v=4a416cb3aa5f97d4226f12d7b3b4fa51403dce534d23baaeb461a9c535b1c6df
Thought Machine,12179,"London, United Kingdom;Melbourne, Australia;New York, NY;Singapore;Sydney, Australia",Financial Services;Information Technology;Software;Technology,"{'name': 'Large Size', 'short_name': 'large'}",Thought Machine builds cloud native technology to revolutionize core banking.,,,https://www.themuse.com/companies/thoughtmachine,https://www.themuse.com/search/jobs/c-thoughtmachine,https://assets.themuse.com/uploaded/companies/12179/small_logo.png?v=e3dce325cd3f5200f00ec73e910d62b96405ead6ab97daa30aec2e0675d1b76d
FOSSA,12054,"San Francisco, CA",Technology,"{'name': 'Small Size', 'short_name': 'small'}","At FOSSA, we create products that help teams track and automate license scanning and compliance of the open source used in their code. 
",,,https://www.themuse.com/companies/fossa,https://www.themuse.com/search/jobs/c-fossa,https://assets.themuse.com/uploaded/companies/12054/small_logo.png?v=6d8ff036bd15a9580f07578dc20fe903bc72a00c9b5fa0a7623b7f20bd1bced7
Five to Nine,12373,"Chicago, IL",Technology,"{'name': 'Small Size', 'short_name': 'small'}","Five to Nine makes it easy for people leaders to create, manage, and evaluate workplace events and programs. ",,,https://www.themuse.com/companies/fivetonine,https://www.themuse.com/search/jobs/c-fivetonine,https://assets.themuse.com/uploaded/companies/12373/small_logo.png?v=68049ddab261714a7a049a59575bb4462a5a3689b2d4c4b5f051d6f2baeee6d1
Konecranes,15000541,"Hyvinge, Finland",Manufacturing;Real Estate & Construction,"{'name': 'Large Size', 'short_name': 'large'}","Konecranes is a global leader in material handling solutions, serving a broad range of customers across multiple industries. We consistently set the industry benchmark, from everyday improvements to the breakthroughs at moments that matter most, because we know we can always find a safer, more productive and sustainable way. That’s why, with around 16,500 professionals in over 50 countries, Konecranes is trusted every day to lift, handle and move what the world needs.",,,https://www.themuse.com/companies/konecranes,https://www.themuse.com/search/jobs/c-konecranes,https://assets.themuse.com/uploaded/companies/15000541/small_logo.png
CDW,15000172,"Lincolnshire, IL",Technology,"{'name': 'Large Size', 'short_name': 'large'}","Every day we encourage our coworkers to make things happen – to do what it takes to solve our customers’ most complex IT challenges. And every day they do.

That’s why CDW is a leading multi-brand provider of information technology solutions to business, government, education and healthcare customers in the United States, the United Kingdom and Canada.",,,https://www.themuse.com/companies/cdw,https://www.themuse.com/search/jobs/c-cdw,https://assets.themuse.com/uploaded/companies/15000172/small_logo.png
WME | William Morris Endeavor,15000296,"Beverly Hills, CA;London, United Kingdom;Manhattan, NY;Nashville, TN;Sydney, Australia",Arts & Music;Entertainment & Gaming;Fashion & Beauty;Media,"{'name': 'Large Size', 'short_name': 'large'}","WME is a leading entertainment agency representing the world’s greatest artists, content creators, and talent across books, digital media, fashion, film, food, music, sports, television, and theater. Named one of Fast Company’s Most Innovative Companies, WME is a subsidiary of Endeavor, a global sports and entertainment company.

WE ARE IN THE BUSINESS OF MAKING GREAT AGENTS! ​",,,https://www.themuse.com/companies/wmewilliammorrisendeavor,https://www.themuse.com/search/jobs/c-wmewilliammorrisendeavor,https://assets.themuse.com/uploaded/companies/15000296/small_logo.png
Koalafi,15000100,"Arlington, VA;Richmond, VA",Fintech,"{'name': 'Medium Size', 'short_name': 'medium'}","Koalafi’s founders came together to solve a problem we had observed countless times. That’s why we built the first nationwide platform that makes it possible for merchants to offer all of their customers, whether they have excellent or no credit, a wide range of pay-over-time plans through a single application. We believe that financing shouldn’t be confusing or stressful, and we're proud to offer clear and straightforward terms, easy to use products, and exceptional service. More than X businesses and consumers trust Koalafi to help them create more purchasing power and thrive.",,,https://www.themuse.com/companies/koalafi,https://www.themuse.com/search/jobs/c-koalafi,https://assets.themuse.com/uploaded/companies/15000100/small_logo.png
Lighthouse Academies,12056,"Wesley Chapel, FL",Education,"{'name': 'Small Size', 'short_name': 'small'}","We are a network of public charter schools in New York, Indiana, and Arkansas, providing opportunities for children to discover, achieve, and prepare for success in college and beyond.
",,,https://www.themuse.com/companies/lighthouseacademies,https://www.themuse.com/search/jobs/c-lighthouseacademies,https://assets.themuse.com/uploaded/companies/12056/small_logo.png?v=6173335f90b8d38687ae21ea0200299e4a589ce77f43df6265722976cbe3a2b6
Boldly,15000465,"New York, NY;Towcester, United Kingdom",Client Services;Technology,"{'name': 'Medium Size', 'short_name': 'medium'}","Boldly employs a team of world-class US-based executive assistants and administrative professionals, all with at least 10 years of experience —and makes them available for business owners and executives on a fractional basis. Companies of all sizes can quickly get personally matched remote talent for the exact number of hours they need each month with the convenience of a simple monthly subscription.",,,https://www.themuse.com/companies/boldly,https://www.themuse.com/search/jobs/c-boldly,https://assets.themuse.com/uploaded/companies/15000465/small_logo.png
Pilotly,12271,"Oakland, CA",Engineering;Entertainment & Gaming;Media;Technology,"{'name': 'Small Size', 'short_name': 'small'}",Pilotly powers the creative research teams at some of the largest organizations in the world. ,,,https://www.themuse.com/companies/pilotly,https://www.themuse.com/search/jobs/c-pilotly,https://assets.themuse.com/uploaded/companies/12271/small_logo.png?v=3e73c06fc7e40d4312d2618edaf4de7413c4182b1479f9466b93ed9355de50eb
Cook Children's Health Care System,15000211,"Abilene, TX;Amarillo, TX;Austin, TX;Denton, TX;Fort Worth, TX;Frisco, TX;Houston, TX;Lubbock, TX;Midland, TX;San Antonio, TX;Whitney, TX",Healthcare;Insurance;Non-Profit,"{'name': 'Large Size', 'short_name': 'large'}","Cook Children's Health Care System is one of the country's leading integrated pediatric health care systems. Based in Fort Worth, Texas, the not-for-profit organization includes a nationally recognized medical center, physician network, surgery center, home health company, health services company, health plan and health foundation.  Cook Children's continues to grow and expand access to primary and specialty care in all communities it serves. We record approximately one million patient encounters each year through the medical center, specialty clinics, neighborhood clinics, physician offices, outpatient settings and home care.  Cook Children's continues to grow and expand access to primary and specialty care in all communities it serves.",,,https://www.themuse.com/companies/cookchildrenshealthcaresystem,https://www.themuse.com/search/jobs/c-cookchildrenshealthcaresystem,https://assets.themuse.com/uploaded/companies/15000211/small_logo.png
AbbVie,12344,"Chicago, IL",Biotechnology;Healthcare,"{'name': 'Small Size', 'short_name': 'small'}",TBD,,,https://www.themuse.com/companies/abbvie,https://www.themuse.com/search/jobs/c-abbvie,https://assets.themuse.com/uploaded/companies/12344/small_logo.png?v=8b4209115a8ede72176583f6181db38025b9c538aeed8a02a4683314ce1f27b4
Twitch,906,"San Francisco, CA",Entertainment & Gaming;Technology,"{'name': 'Medium Size', 'short_name': 'medium'}","Twitch is the world’s leading social video platform and online community for gamers, bringing live and on-demand content to developers, publishers, and media outlets around the world.",,twitch,https://www.themuse.com/companies/twitch,https://www.themuse.com/search/jobs/c-twitch,https://assets.themuse.com/uploaded/companies/906/small_logo.png?v=3a0160ad6e01421eb35eb92ae31041df3dcb624979d8798f8dd3f057e1fec612
Engine No. 1,12204,"New York, NY;San Francisco, CA",Financial Services,"{'name': 'Small Size', 'short_name': 'small'}","Engine No. 1 believes a company’s performance is greatly enhanced by the investments it makes in workers, communities, and the environment. ",,,https://www.themuse.com/companies/engineno1,https://www.themuse.com/search/jobs/c-engineno1,https://assets.themuse.com/uploaded/companies/12204/small_logo.png?v=857e855611d37962385ef308934add983352ed1e512407a746ce00469c2a7726
Wave,12079,"Austin, TX;Culver City, CA;Flexible / Remote",Arts & Music;Entertainment & Gaming;Media;Technology,"{'name': 'Small Size', 'short_name': 'small'}",Wave is on a mission to create a first-of-its-kind virtual experience for the next generation of concertgoers.,,,https://www.themuse.com/companies/wave,https://www.themuse.com/search/jobs/c-wave,https://assets.themuse.com/uploaded/companies/12079/small_logo.png?v=49e065f85cf4a0e90140651925f2046b77ea46b3dc1285263b3cf051b3d98ce0
BitGo,12110,"Austin, TX;Bangalore, India;Flexible / Remote;New York, NY;Palo Alto, CA;San Francisco, CA",Blockchain;Financial Services;Fintech;Technology,"{'name': 'Medium Size', 'short_name': 'medium'}","BitGo works with clients, partners, and regulators to deliver innovative security, custody, and liquidity solutions.",,,https://www.themuse.com/companies/bitgo,https://www.themuse.com/search/jobs/c-bitgo,https://assets.themuse.com/uploaded/companies/12110/small_logo.png?v=6b3e729f61b3e74d6b2b837784d7d5eee2d9fa766673969497a11b18b0afcb2f
Rock Content,12268,"Belo Horizonte, Brazil;Boca Raton, FL",Advertising and Agencies;Client Services;Technology,"{'name': 'Medium Size', 'short_name': 'medium'}",Rock Content helps brands drive revenue and build awareness by unleashing collaboration through technology. ,,,https://www.themuse.com/companies/rockcontent,https://www.themuse.com/search/jobs/c-rockcontent,https://assets.themuse.com/uploaded/companies/12268/small_logo.png?v=bc8e996f3715f9887a3a26fbec9cf3335e527c99d168d3a9c6ba3ebb01f707c7
Vimeo,12349,"New York, NY",Entertainment & Gaming;Technology,"{'name': 'Small Size', 'short_name': 'small'}",TBD,,,https://www.themuse.com/companies/vimeo,https://www.themuse.com/search/jobs/c-vimeo,https://assets.themuse.com/uploaded/companies/12349/small_logo.png?v=b3be4b379074e2104be2f988424587bcad7fd2615f4420131a3b3c3a5779495f
BrainPOP,11845,"New York, NY",Education;Technology,"{'name': 'Medium Size', 'short_name': 'medium'}",TBD,,,https://www.themuse.com/companies/brainpop,https://www.themuse.com/search/jobs/c-brainpop,https://assets.themuse.com/uploaded/companies/11845/small_logo.png?v=9f08c9f8b6d0bcf2ad48c1e1f951e47569dd41aa9cdd3230f37d3eaf5ee21124
Arcadia,15000037,"Boston, MA",Healthcare;Software,"{'name': 'Medium Size', 'short_name': 'medium'}",We enable organizations to advance global health outcomes by harnessing and actioning the data that drives strategic growth and financial success.,,,https://www.themuse.com/companies/arcadia,https://www.themuse.com/search/jobs/c-arcadia,https://assets.themuse.com/uploaded/companies/15000037/small_logo.png?v=0e61600cec1705f60305741eecff871680cac5735fb9214291d2ec1e4a8b41c6
Sonepar USA Inc,15000471,"Hamilton, NJ;Maitland, FL;North Charleston, SC;Philadelphia, PA",Energy,"{'name': 'Large Size', 'short_name': 'large'}","Sonepar serves customers around the world with a unique balance of global scale and local empowerment, making their lives and day-to-day operations easier. We invest in cutting-edge supply chain and digital, omni-channel technologies to deliver the highest standard of service.",,,https://www.themuse.com/companies/soneparusainc,https://www.themuse.com/search/jobs/c-soneparusainc,https://assets.themuse.com/uploaded/companies/15000471/small_logo.png
Alabama Hospice Care of Mobile,15000530,"Mobile, AL",Healthcare,"{'name': 'Medium Size', 'short_name': 'medium'}",,,,https://www.themuse.com/companies/alabamahospicecareofmobile,https://www.themuse.com/search/jobs/c-alabamahospicecareofmobile,https://assets.themuse.com/uploaded/companies/15000530/small_logo.png
Vestas,15000319,"Austin, TX;Bridger, MT;Brighton, CO;Broomfield, CO;Calgary, Canada;Calumet, OK;Chalmers, IN;Cisco, TX;Denver, CO;Eden Prairie, MN;Fort Macleod, Canada;Fort Stockton, TX;Fowler, IN;Greenfield, IA;Hanna, WY;Hermiston, OR;Ladora, IA;Lincoln, NE;Lindahl, ND;Lockwood, MO;Loveland, CO;Montezuma, IA;Phoenix, AZ;Portland, OR;Rainier, WA;Rio Vista, CA;Sheffield, IL;Topeka, KS;Watertown, SD;Westboro, MO",Energy,"{'name': 'Large Size', 'short_name': 'large'}","Vestas is the energy industry’s global partner on sustainable energy solutions. We design, manufacture, install, and service wind turbines across the globe, and with +169 GW of wind turbines in 88 countries, we have installed more wind power than anyone else.  Through our industry-leading smart data capabilities and +149 GW of wind turbines under service, we use data to interpret, forecast, and exploit wind resources and deliver best-in-class wind power solutions. Together with our customers, Vestas’ more than 29,000 employees are bringing the world sustainable energy solutions to power a bright future.",Fast Growing Companies,,https://www.themuse.com/companies/vestas,https://www.themuse.com/search/jobs/c-vestas,https://assets.themuse.com/uploaded/companies/15000319/small_logo.png
Reonomy,12028,"New York, NY",Technology,"{'name': 'Small Size', 'short_name': 'small'}",TBD,,,https://www.themuse.com/companies/reonomy,https://www.themuse.com/search/jobs/c-reonomy,https://assets.themuse.com/uploaded/companies/12028/small_logo.png?v=c999097cc7a28a6d6551c8f4ddbf3cdca3bddb24e16d726c87ca3b43cd2cf16f
Creative Office Pavilion,11989,"Boston, MA",Client Services,"{'name': 'Small Size', 'short_name': 'small'}",TBD,,,https://www.themuse.com/companies/creativeofficepavilion,https://www.themuse.com/search/jobs/c-creativeofficepavilion,https://assets.themuse.com/uploaded/companies/11989/small_logo.png?v=ac4c72271c87d98d2e1007220b736a6f9429eaaf8e439ad99b0ddb87ac071518
Aptiv,15000470,"Agoura Hills, CA;Anting, China;Bangalore, India;Boston, MA;Juarez, Mexico;Krakow, Poland;Monterrey, Mexico;Munich, Germany;Pune, India;Shanghai, China;Troy, MI;Wuppertal, Germany",Technology,"{'name': 'Large Size', 'short_name': 'large'}","Aptiv began leading the way in software and systems technologies years ago. With our rich history as a foundation, our dedicated team is uniquely capable of driving the future of mobility. 

As the only provider of an integrated vehicle brain and nervous system, Aptiv works with our customers to create software-defined vehicles and solve mobility’s toughest challenges in autonomous driving, vehicle electrification, advanced safety, and much more. We believe that mobility has the power to change the world. At Aptiv, we’re delivering the software capabilities, advanced computing platforms and networking architecture that make mobility work.",Innovative Companies,,https://www.themuse.com/companies/aptiv,https://www.themuse.com/search/jobs/c-aptiv,https://assets.themuse.com/uploaded/companies/15000470/small_logo.png
Maven Clinic,15000195,"New York, NY",Healthcare;Healthtech,"{'name': 'Large Size', 'short_name': 'large'}",,,,https://www.themuse.com/companies/mavenclinic,https://www.themuse.com/search/jobs/c-mavenclinic,https://assets.themuse.com/uploaded/companies/15000195/small_logo.png
Merrill,15000307,"Charlotte, NC",Financial Services,"{'name': 'Large Size', 'short_name': 'large'}",,,,https://www.themuse.com/companies/merrill,https://www.themuse.com/search/jobs/c-merrill,https://assets.themuse.com/uploaded/companies/15000307/small_logo.png
Aramark,11972,"Philadelphia, PA",Food & Beverage,"{'name': 'Large Size', 'short_name': 'large'}",TBD,,,https://www.themuse.com/companies/aramark,https://www.themuse.com/search/jobs/c-aramark,https://assets.themuse.com/uploaded/companies/11972/small_logo.png?v=06502aac1ece74c461e99a8c0ba1b8a81672db69fb1b2afdacb61138251e3343
Yubico,11987,"Palo Alto, CA;Seattle, WA;Stockholm, Sweden",Technology,"{'name': 'Small Size', 'short_name': 'small'}",TBD,,,https://www.themuse.com/companies/yubico,https://www.themuse.com/search/jobs/c-yubico,https://assets.themuse.com/uploaded/companies/11987/small_logo.png?v=dbfb57623591a22f78b3d19511d07ed6068a852daeb0fce064658e21858fee5a
Ironwood Pharmaceuticals,11828,"Boston, MA",Biotechnology,"{'name': 'Medium Size', 'short_name': 'medium'}",Ironwood's goal is creating medicines that make a difference for people with gastrointestinal (GI) disease.,,,https://www.themuse.com/companies/ironwoodpharmaceuticals,https://www.themuse.com/search/jobs/c-ironwoodpharmaceuticals,https://assets.themuse.com/uploaded/companies/11828/small_logo.png?v=6186c34697870455b9955b8120da0d479994af9f0af91cbb753ce84089b5a263
Bluecore,11988,"New York, NY",Technology,"{'name': 'Small Size', 'short_name': 'small'}",TBD,,,https://www.themuse.com/companies/bluecore,https://www.themuse.com/search/jobs/c-bluecore,https://assets.themuse.com/uploaded/companies/11988/small_logo.png?v=ab2cad5810b7a046738734d4fe65f88976dafd22d46bc093d143b6809d9a465c
Tandym Group,11901,"Alexandria, VA;Boca Raton, FL;Boston, MA;Los Angeles, CA;New York, NY;Parsippany, NJ",Client Services;Consulting,"{'name': 'Medium Size', 'short_name': 'medium'}","The Execu|Search Group is a full-service recruitment, contract staffing, and workforce solutions firm. ",,,https://www.themuse.com/companies/tandymgroup,https://www.themuse.com/search/jobs/c-tandymgroup,https://assets.themuse.com/uploaded/companies/11901/small_logo.png?v=de679c5df8f2d53b74cc34e1535952fc651f6dc895645fb8d7f782ca4b20b21a
Famous Supply,12172,"Akron, OH;Alliance, OH;Beachwood, OH;Canton, OH;Cleveland, OH;Dublin, OH;Fairlawn, OH;Newark, OH;Pittsburgh, PA;Toledo, OH;Wheeling, WV",Consumer Goods & Services,"{'name': 'Medium Size', 'short_name': 'medium'}",Famous Supply is a leading distributor of quality products.,,,https://www.themuse.com/companies/famoussupply,https://www.themuse.com/search/jobs/c-famoussupply,https://assets.themuse.com/uploaded/companies/12172/small_logo.png?v=64ce24fd6b8526295c97505c45d4021f84ad96d24739b4394e084dc4be646fe8
Howard Hughes Medical Institute,11665,"Ashburn, VA;Boston, MA;Chevy Chase, MD;New York, NY;San Francisco, CA",Biotechnology;Education;Healthcare;Social Good,"{'name': 'Large Size', 'short_name': 'large'}",The Howard Hughes Medical Institute advances biomedical research and science education throughout the United States.,,,https://www.themuse.com/companies/howardhughesmedicalinstitute,https://www.themuse.com/search/jobs/c-howardhughesmedicalinstitute,https://assets.themuse.com/uploaded/companies/11665/small_logo.png?v=1e682196d75c6833e120b913745c3a26bc0362f987f9f0db95484971982661e1
ABeam Consulting,15000142,"Irving, TX",Consulting;Information Technology;Software;Technology,"{'name': 'Large Size', 'short_name': 'large'}","For over 40 years, ABeam Consulting has provided management and information technology consulting services to our global clients. Today, ABeam Consulting is focused on shaping our clients' future by combining deep business insight with understanding how technology impacts industry and business models. Our efforts extend our work in integrating digital technologies with business strategy and business processes, focusing on connected and intelligent applications.",,,https://www.themuse.com/companies/abeamconsulting,https://www.themuse.com/search/jobs/c-abeamconsulting,https://assets.themuse.com/uploaded/companies/15000142/small_logo.png
Opendoor,11753,"Atlanta, GA;Dallas, TX;Fort Worth, TX;Phoenix, AZ;San Francisco, CA;Seattle, WA;Tempe, AZ;Toronto, Canada",Real Estate & Construction;Technology,"{'name': 'Large Size', 'short_name': 'large'}","Opendoor simplifies the home buying and selling process, empowering folks with the freedom to move.",,,https://www.themuse.com/companies/opendoor,https://www.themuse.com/search/jobs/c-opendoor,https://assets.themuse.com/uploaded/companies/11753/small_logo.png?v=0243c885228593b531dfd2461d7a8ccdde511ffcc7be3f802ccb3c1e13a435cf
Bankjoy,12256,"Austin, TX;Chicago, IL;Flexible / Remote;Los Angeles, CA;New York, NY;Phoenix, AZ;San Francisco, CA;Troy, MI",Engineering;Financial Services;Technology,"{'name': 'Small Size', 'short_name': 'small'}",Bankjoy delivers award-winning online and mobile banking technology to banks and credit unions—big and small. ,,,https://www.themuse.com/companies/bankjoy,https://www.themuse.com/search/jobs/c-bankjoy,https://assets.themuse.com/uploaded/companies/12256/small_logo.png?v=bc098494ff72e60dcafd8ca2e6b886522f7bd43d3a4b5c0a132478d8dfd0e425
Equity Lifestyle Properties,11723,"Chicago, IL;Clermont, FL;Denver, CO;East Stroudsburg, PA;Homestead, FL;Kissimmee, FL;Lancaster, PA;Las Vegas, NV;Leesburg, FL;Lexington, NC;Lititz, PA;Longview, WA;Millville, NJ;Niles, MI;Orlando, FL;Palm Springs, CA;Phoenix, AZ;Plant City, FL;Reading, PA;Santa Cruz, CA;Sarasota, FL;Sierra Vista, AZ;Tampa, FL;Tucson, AZ;Vineland, NJ;Williamsburg, VA",Real Estate & Construction;Travel and Hospitality,"{'name': 'Large Size', 'short_name': 'large'}","ELS owns and operates manufactured home communities, RV resorts, and campgrounds across North America.",,,https://www.themuse.com/companies/equitylifestyleproperties,https://www.themuse.com/search/jobs/c-equitylifestyleproperties,https://assets.themuse.com/uploaded/companies/11723/small_logo.png?v=9499ada87a3f048800bd7f770025ad72e3f4130d185400c15797f44c4c6aa104
ELC Beauty,15000242,"New York, NY",Consumer Goods & Services,"{'name': 'Large Size', 'short_name': 'large'}",,,,https://www.themuse.com/companies/elcbeauty,https://www.themuse.com/search/jobs/c-elcbeauty,https://assets.themuse.com/uploaded/companies/15000242/small_logo.png
PepsiCo,11715,"Chicago, IL;New York, NY;Palo Alto, CA;Plano, TX;Purchase, NY",Consumer Goods & Services;Food & Beverage;Manufacturing,"{'name': 'Large Size', 'short_name': 'large'}","Headquartered in Purchase, NY, PepsiCo operates in over 200 countries and territories around the globe. ",,,https://www.themuse.com/companies/pepsico,https://www.themuse.com/search/jobs/c-pepsico,https://assets.themuse.com/uploaded/companies/11715/small_logo.png?v=06075427e07cc88f541030745ecaf607ff1a8952a247490c3274240e804acff9
Rockstar Games,15000189,"New York, NY",Entertainment & Gaming,"{'name': 'Large Size', 'short_name': 'large'}",,,,https://www.themuse.com/companies/rockstargames,https://www.themuse.com/search/jobs/c-rockstargames,https://assets.themuse.com/uploaded/companies/15000189/small_logo.png
Socure,12005,"New York, NY",Technology,"{'name': 'Small Size', 'short_name': 'small'}",TBD,,,https://www.themuse.com/companies/socure,https://www.themuse.com/search/jobs/c-socure,https://assets.themuse.com/uploaded/companies/12005/small_logo.png?v=6f832183bf92e23f1c524eecdd49a1d207a98f0fe02586876562cf738a81bcd7
Realtor.com,15000282,"Santa Clara, CA",Real Estate & Construction,"{'name': 'Large Size', 'short_name': 'large'}",,,,https://www.themuse.com/companies/realtorcom,https://www.themuse.com/search/jobs/c-realtorcom,https://assets.themuse.com/uploaded/companies/15000282/small_logo.png
Taskrabbit,15000317,Flexible / Remote,Technology,"{'name': 'Medium Size', 'short_name': 'medium'}","At Taskrabbit, we want to make your neighborhood a little more familiar. Whether it’s a handyman (or woman!), a housecleaner, moving help or delivery person, we’re imagining a world where everyone will have a go-to team to make everyday life easier. As a company we celebrate innovation, inclusion and hard work. 

As a pioneer of the sharing economy, Taskrabbit was founded on the premise of neighbors helping neighbors. Since then, our network has grown to eight countries and 75+ cities, yet our core mission of creating a better everyday life for everyday people has remained the same. Together with IKEA, we’re creating more opportunities for people to earn a consistent, meaningful income on their own terms.",,,https://www.themuse.com/companies/taskrabbit,https://www.themuse.com/search/jobs/c-taskrabbit,https://assets.themuse.com/uploaded/companies/15000317/small_logo.png
PNC,15000255,"Pittsburgh, PA",Financial Services;Technology,"{'name': 'Large Size', 'short_name': 'large'}","At PNC, we foster a work environment where employees can thrive while delivering a great customer experience. Here, you’ll be given the flexibility, trust and respect to do things that matter to you and support your career growth, while enabling you to make a positive impact on the people and communities around you.

We have been committed to providing our clients with great service and powerful financial expertise to help them meet their financial goals. We are proud of our longstanding history of supporting not only our customers
but also our communities, employees and shareholders.",,,https://www.themuse.com/companies/pnc,https://www.themuse.com/search/jobs/c-pnc,https://assets.themuse.com/uploaded/companies/15000255/small_logo.png
PwC,11831,"Atlanta, GA;Boston, MA;Chicago, IL;Dallas, TX;Denver, CO;London, United Kingdom;Los Angeles, CA;New York, NY;San Francisco, CA;Tampa, FL;Washington, DC",Consulting,"{'name': 'Large Size', 'short_name': 'large'}",TBD,,,https://www.themuse.com/companies/pwc,https://www.themuse.com/search/jobs/c-pwc,https://assets.themuse.com/uploaded/companies/11831/small_logo.png?v=254a2ab49125cf85eb3c9c33245bafd5e06b85495a2309b8a65e960d853b743e
WWE,15000284,"Darien, CT",Entertainment & Gaming,"{'name': 'Large Size', 'short_name': 'large'}",,,,https://www.themuse.com/companies/wwe,https://www.themuse.com/search/jobs/c-wwe,https://assets.themuse.com/uploaded/companies/15000284/small_logo.png
Pluralsight,1519,"Austin, TX;Bangalore, India;Draper, UT;Dublin, Ireland",Education;Technology,"{'name': 'Large Size', 'short_name': 'large'}",Pluralsight democratizes professional learning by making specialized education available to everyone.,,,https://www.themuse.com/companies/pluralsight,https://www.themuse.com/search/jobs/c-pluralsight,https://assets.themuse.com/uploaded/companies/1519/small_logo.png?v=b48ac04593d2bc357aa525963bf387b17c6cf9aa63a156c6d45d5c97ea6d6f67
Wind River,12261,"Nepean, Canada;Oakland, CA",Client Services;Engineering;Technology;Telecom,"{'name': 'Large Size', 'short_name': 'large'}","Wind River is a global leader in delivering software for intelligent connected systems and offers a comprehensive, edge-to-cloud software portfolio.",,,https://www.themuse.com/companies/windriver,https://www.themuse.com/search/jobs/c-windriver,https://assets.themuse.com/uploaded/companies/12261/small_logo.png?v=3ce8b87662081995859c7f38e1c60ac43b16afc3a9fba4d5518960487b6e772e
iQmetrix,12118,"Vancouver, Canada",Technology,"{'name': 'Medium Size', 'short_name': 'medium'}","Currently powering 20,000 retail locations and growing, we are designed for the complexities of wireless retail.",,,https://www.themuse.com/companies/iqmetrix,https://www.themuse.com/search/jobs/c-iqmetrix,https://assets.themuse.com/uploaded/companies/12118/small_logo.png?v=fd8718e43c44308a1995dbb51b5190b2ab38dd3c912735710ce3effbfe2a68eb
Santander US,15000276,"Boston, MA",Financial Services,"{'name': 'Large Size', 'short_name': 'large'}","At Santander Bank, it’s our mission to help people and businesses prosper. That goes for our clients, our communities, our team members, and our future team members.",,,https://www.themuse.com/companies/santanderus,https://www.themuse.com/search/jobs/c-santanderus,https://assets.themuse.com/uploaded/companies/15000276/small_logo.png
Reputation.com,12297,"Redwood City, CA",Technology,"{'name': 'Small Size', 'short_name': 'small'}",TBD,,,https://www.themuse.com/companies/reputationcom,https://www.themuse.com/search/jobs/c-reputationcom,https://assets.themuse.com/uploaded/companies/12297/small_logo.png?v=67f1996e5d2403d7262d696491c27ef499e00460b25b6c429796f9ea3f3b1c2c
Flutterwave,12317,"San Francisco, CA",Financial Services;Technology,"{'name': 'Small Size', 'short_name': 'small'}",TBD,,,https://www.themuse.com/companies/flutterwave,https://www.themuse.com/search/jobs/c-flutterwave,https://assets.themuse.com/uploaded/companies/12317/small_logo.png?v=5db09264f46531ec0a6e4074d6be90b0120fc804eedd06d6efaa8d46e8838342
EcoVadis,12069,"Paris, France",Consulting;Technology,"{'name': 'Medium Size', 'short_name': 'medium'}",TBD,,,https://www.themuse.com/companies/ecovadis,https://www.themuse.com/search/jobs/c-ecovadis,https://assets.themuse.com/uploaded/companies/12069/small_logo.png?v=fe5e7131e201233e09fa1b3084f4411cb0d477e264e6f44934351230be228094
Cencora,15000318,"Conshohocken, PA",Healthcare;Healthtech;Pharmaceutical;Veterinary,"{'name': 'Large Size', 'short_name': 'large'}","Our team members are at the heart of everything we do. At Cencora, we are united in our responsibility to create healthier futures, and every person here is essential to us being able to deliver on that purpose. If you want to make a difference at the center of health, come join our innovative company and help us improve the lives of people and animals everywhere.",,,https://www.themuse.com/companies/cencora,https://www.themuse.com/search/jobs/c-cencora,https://assets.themuse.com/uploaded/companies/15000318/small_logo.png
Revature,15000103,"Reston, VA",Engineering;Information Technology;Software;Technology,"{'name': 'Large Size', 'short_name': 'large'}",Revature is the leading provider of entry-level tech talent powering global leaders.,,,https://www.themuse.com/companies/revature,https://www.themuse.com/search/jobs/c-revature,https://assets.themuse.com/uploaded/companies/15000103/small_logo.png?v=e107d9713127d0e9253e7db229cfcb128b4bd73db66d5424607c6b5ad61a893e
"The TJX Companies, Inc.",15000229,"Framingham, MA;Marlborough, MA",Retail,"{'name': 'Large Size', 'short_name': 'large'}","TJX is the leading off-price apparel and home fashions retailer in the U.S. and worldwide, with four global home offices, seven brands, and nearly 4,700 stores in nine countries, and five distinctive branded e-commerce sites. As Associates, we make a difference with our contributions—collaborating in delighting shoppers with hidden treasures. Our merchandise is ever-changing and the sense of wonder never-ending at the stores our customers love.",,,https://www.themuse.com/companies/thetjxcompaniesinc,https://www.themuse.com/search/jobs/c-thetjxcompaniesinc,https://assets.themuse.com/uploaded/companies/15000229/small_logo.png
Apple,11802,"Cupertino, CA",Consumer Goods & Services;Information Technology;Software;Technology,"{'name': 'Large Size', 'short_name': 'large'}",Working at Apple means doing more than you ever thought possible and having more impact than you ever imagined. ,Featured;Fortune 1000,,https://www.themuse.com/companies/apple,https://www.themuse.com/search/jobs/c-apple,https://assets.themuse.com/uploaded/companies/11802/small_logo.png?v=68744d330bdc480f212a3305c1608ffca4a11dae7c700cc01cc4c65102f8a095
NEXT Insurance,12393,"Palo Alto, CA",Insurance;Technology,"{'name': 'Medium Size', 'short_name': 'medium'}","NEXT Insurance is an insurtech startup that offers fast, tailored, and affordable insurance to small businesses. ",,,https://www.themuse.com/companies/nextinsurance,https://www.themuse.com/search/jobs/c-nextinsurance,https://assets.themuse.com/uploaded/companies/12393/small_logo.png?v=f6da70a08ddd45f294ad0c4fa651236a8bc0d35bb32126eaf1b9a4995177c0a4
UKG,566,"Atlanta, GA;Flexible / Remote;Fort Lauderdale, FL;Indianapolis, IN;Lowell, MA;Noida, India;Santa Ana, CA;Toronto, Canada",Technology,"{'name': 'Large Size', 'short_name': 'large'}",UKG is a cloud-based capital management technology company—helping organizations increase workforce productivity with people-centric solutions.,,UltimateHCM,https://www.themuse.com/companies/ukg,https://www.themuse.com/search/jobs/c-ukg,https://assets.themuse.com/uploaded/companies/566/small_logo.png?v=287ac569b3bd5a1999b9e9705403299e8387448dbcb58bfcc6ffc5b3acec3c45
Chobani,12046,"Norwich, NY",Food & Beverage,"{'name': 'Medium Size', 'short_name': 'medium'}",TBD,,,https://www.themuse.com/companies/chobani,https://www.themuse.com/search/jobs/c-chobani,https://assets.themuse.com/uploaded/companies/12046/small_logo.png?v=2cf352dee97dd4f63b95fac32d367e93b962362aa872eed94a67b68942a378f8
MicroStrategy,12308,"Vienna, VA",Technology,"{'name': 'Small Size', 'short_name': 'small'}",TBD,,,https://www.themuse.com/companies/microstrategy,https://www.themuse.com/search/jobs/c-microstrategy,https://assets.themuse.com/uploaded/companies/12308/small_logo.png?v=c0fb724edf0c04928a1f99e7c058855740957151ceef775752278c7b4c89fc4b
Bird,12255,"Santa Monica, CA",Engineering;Technology;Travel and Hospitality,"{'name': 'Medium Size', 'short_name': 'medium'}",Bird is making the world more livable one ride at a time. Find Bird scooters and its partners in 100+ cities around the globe.,,,https://www.themuse.com/companies/bird,https://www.themuse.com/search/jobs/c-bird,https://assets.themuse.com/uploaded/companies/12255/small_logo.png?v=91c5eaa89b4153d1d7c6f18ef740f4f32412d8c3120773a1d38512275373b6b1
Mars Inc.,12178,"McLean, VA",Consumer Goods & Services;Food & Beverage;Manufacturing,"{'name': 'Large Size', 'short_name': 'large'}","Mars is a family-owned business with more than 130,000 associates globally, making diverse products and offering services for people and pets.",,,https://www.themuse.com/companies/marsinc,https://www.themuse.com/search/jobs/c-marsinc,https://assets.themuse.com/uploaded/companies/12178/small_logo.png?v=66411dae79697a4cfe281f26389c5072fbdc249bdf04f72a28e5df7c36ca3194
Newchip,12305,"Austin, TX",Financial Services;Technology,"{'name': 'Small Size', 'short_name': 'small'}",TBD,,,https://www.themuse.com/companies/newchip,https://www.themuse.com/search/jobs/c-newchip,https://assets.themuse.com/uploaded/companies/12305/small_logo.png?v=f3988c9b44829a3c20c34d9848d9fc9ae816455b83b63e2002711c54c7522eac
Arapahoe County Sheriff's Office,15000233,"Centennial, CO",Government;Law;Telecom,"{'name': 'Large Size', 'short_name': 'large'}","Staffed by more than 800 commissioned and civilian employees, the Sheriff's Office provides both law enforcement and detention operations. The Sheriff's Office also provides public safety services for the City of Centennial and towns of Bennett, Deer Trail, and Foxfield. We serve nearly 200,000 citizens across 864 square miles and we are proud of the quality service we provide to them.",,,https://www.themuse.com/companies/arapahoecountysheriffsoffice,https://www.themuse.com/search/jobs/c-arapahoecountysheriffsoffice,https://assets.themuse.com/uploaded/companies/15000233/small_logo.png
Ginkgo Bioworks,15000260,"Boston, MA",Biotechnology,"{'name': 'Large Size', 'short_name': 'large'}","Ginkgo Bioworks offers end-to-end synthetic biology R&D services. We can help companies discover, engineer, and optimize proteins and enzymes, screen millions of strain variants, and scale-up fermentation. The combination of our lab automation, massive datasets, ML and AI tools, and our ability to understand biology thanks to genomics, is creating new momentum for our partners to develop products with biology.",,,https://www.themuse.com/companies/ginkgobioworks,https://www.themuse.com/search/jobs/c-ginkgobioworks,https://assets.themuse.com/uploaded/companies/15000260/small_logo.png
CURLS,12093,"Frisco, TX",Fashion and Beauty,"{'name': 'Small Size', 'short_name': 'small'}",placeholder,,,https://www.themuse.com/companies/curls,https://www.themuse.com/search/jobs/c-curls,https://assets.themuse.com/uploaded/companies/12093/small_logo.png?v=25a70146b4a732b6196c42e96457682be8ed09eecf944cf9cc6d6ec5f2beab84
Epic Insurance Brokers and Consultants,12013,"San Francisco, CA",Insurance,"{'name': 'Large Size', 'short_name': 'large'}",TBD,,,https://www.themuse.com/companies/epicinsurancebrokersandconsultants,https://www.themuse.com/search/jobs/c-epicinsurancebrokersandconsultants,https://assets.themuse.com/uploaded/companies/12013/small_logo.png?v=a460251a4590b3adc1ba3f414cc51ed2c6b97d20a9112388b1862d2192a5a8bd
Urban Bush Women,12136,"New York, NY",Arts & Music,"{'name': 'Small Size', 'short_name': 'small'}",UBW seeks to bring the untold and under-told histories and stories of disenfranchised people to light through dance. ,,,https://www.themuse.com/companies/urbanbushwomen,https://www.themuse.com/search/jobs/c-urbanbushwomen,https://assets.themuse.com/uploaded/companies/12136/small_logo.png?v=db0f48ab4eee451234de7a9b6bd9e804872f5ac8448993bf3732c22b49166aa6
Sanofi U.S.,12225,"Boston, MA;Bridgewater, NJ;Chattanooga, TN;Swiftwater, PA",Biotechnology,"{'name': 'Large Size', 'short_name': 'large'}","People at Sanofi are dedicated to making a difference in patients’ daily lives, enabling them to enjoy a healthier life.",,,https://www.themuse.com/companies/sanofius,https://www.themuse.com/search/jobs/c-sanofius,https://assets.themuse.com/uploaded/companies/12225/small_logo.png?v=8a39455c3f56beb7b9997a5cdf84f482a4e754d7542e2268f3010c03552ddad3
CGI,15000161,"Fairfax, VA",Consulting;Technology,"{'name': 'Large Size', 'short_name': 'large'}","At CGI, we use the power of technology to help clients drive forward their holistic digital transformation. We deliver comprehensive, scalable and sustainable services for our clients in the areas of digital transformation, advanced analytics, intelligent automation, cloud and IT modernization and sustainability.",,,https://www.themuse.com/companies/cgi,https://www.themuse.com/search/jobs/c-cgi,https://assets.themuse.com/uploaded/companies/15000161/small_logo.png
Mark Anthony Group,15000537,"Toronto, Canada",Food & Beverage;Manufacturing,"{'name': 'Large Size', 'short_name': 'large'}",,,,https://www.themuse.com/companies/markanthonygroup,https://www.themuse.com/search/jobs/c-markanthonygroup,https://assets.themuse.com/uploaded/companies/15000537/small_logo.png
Carewell,12032,"Charlotte, NC",Healthcare,"{'name': 'Small Size', 'short_name': 'small'}",TBD,,,https://www.themuse.com/companies/carewell,https://www.themuse.com/search/jobs/c-carewell,https://assets.themuse.com/uploaded/companies/12032/small_logo.png?v=0792f68abb191ddd210debc9f1f05cb155777c9b5a8722b0e8cf06c5582cc35c
Netskope,15000451,"Santa Clara, CA",Software;Technology,"{'name': 'Large Size', 'short_name': 'large'}","Netskope is a cloud security platform that provides solutions to help organizations secure their data and users in the cloud. Netskope's primary focus is on cloud security, and it offers a range of features to address various aspects of cloud security challenges.",,,https://www.themuse.com/companies/netskope,https://www.themuse.com/search/jobs/c-netskope,https://assets.themuse.com/uploaded/companies/15000451/small_logo.png
Verizon Communications,204,"New York, NY",Consumer Goods & Services,"{'name': 'Large Size', 'short_name': 'large'}",Verizon Wireless is the leading wireless provider in the U.S.—revolutionizing the way people connect and communicate. ,,,https://www.themuse.com/companies/verizoncommunications,https://www.themuse.com/search/jobs/c-verizoncommunications,https://assets.themuse.com/uploaded/companies/204/small_logo.png?v=5a27d523a65d458e2c7abf4002acd17128357b08e84dc697b59704d3ad5e0971
Instacart,11829,"Flexible / Remote;San Francisco, CA;Toronto, Canada",Consumer Goods & Services;Food & Beverage;Technology,"{'name': 'Large Size', 'short_name': 'large'}",Instacart is a North American leader in online grocery and one of the fastest-growing companies in e-commerce. ,,,https://www.themuse.com/companies/instacart,https://www.themuse.com/search/jobs/c-instacart,https://assets.themuse.com/uploaded/companies/11829/small_logo.png?v=f742c4ea20aa2c1fd594ecf25c8e00eb01745f168a0c56850d9e71bd2221fd70
TIAA,12340,"New York, NY",Insurance,"{'name': 'Small Size', 'short_name': 'small'}",TBD,,,https://www.themuse.com/companies/tiaa,https://www.themuse.com/search/jobs/c-tiaa,https://assets.themuse.com/uploaded/companies/12340/small_logo.png?v=df62028fb4d59e0cb0bb3121a40a5f6807081aa0a072945244cfc48c57da6e5d
Publix,12060,"Lakeland, FL",Food & Beverage,"{'name': 'Large Size', 'short_name': 'large'}",TBD,,,https://www.themuse.com/companies/publix,https://www.themuse.com/search/jobs/c-publix,https://assets.themuse.com/uploaded/companies/12060/small_logo.png?v=de74e7f952f093fc4ae07521b725a271c08630a07cdda3b7c0e6904556c0a617
MediaCom,11775,"Ann Arbor, MI;Chicago, IL;Los Angeles, CA;New York, NY",Advertising and Agencies,"{'name': 'Large Size', 'short_name': 'large'}",MediaCom is a media advertising agency for a variety of global brands. ,,,https://www.themuse.com/companies/mediacom,https://www.themuse.com/search/jobs/c-mediacom,https://assets.themuse.com/uploaded/companies/11775/small_logo.png?v=cb734feb3293e31a5030cd237a9de64e12d126645c08d0dc198e46f0bd381e70
Braze,15000206,"Manhattan, NY",Client Services;Software,"{'name': 'Large Size', 'short_name': 'large'}",,,,https://www.themuse.com/companies/braze,https://www.themuse.com/search/jobs/c-braze,https://assets.themuse.com/uploaded/companies/15000206/small_logo.png
Garrett Advancing Motion,15000309,"Nyon, Switzerland",Engineering;Manufacturing;Technology,"{'name': 'Large Size', 'short_name': 'large'}","We are a global innovator and technology leader that enables vehicles to be cleaner, more efficient and connected. With a nearly 70-year legacy, we serve customers worldwide with passenger vehicle, commercial vehicle, aftermarket replacement, and performance enhancement solutions.
Our comprehensive portfolio of emission-reducing and zero-emission solutions advance sustainable motion, from world-class turbocharging and electric boosting technologies for hybrids, to electrified powertrains and automotive software.",,,https://www.themuse.com/companies/garrettadvancingmotion,https://www.themuse.com/search/jobs/c-garrettadvancingmotion,https://assets.themuse.com/uploaded/companies/15000309/small_logo.png
JustFix.nyc,11991,"New York, NY",Social Good,"{'name': 'Small Size', 'short_name': 'small'}",TBD,,,https://www.themuse.com/companies/justfixnyc,https://www.themuse.com/search/jobs/c-justfixnyc,https://assets.themuse.com/uploaded/companies/11991/small_logo.png?v=cb23a0bcffdfddc866b015b2d000defec0a0e9855986b880ef71235cd14e99ed
Skyepoint Decisions,12070,"Dulles, VA",Technology,"{'name': 'Small Size', 'short_name': 'small'}",TBD,,,https://www.themuse.com/companies/skyepointdecisions,https://www.themuse.com/search/jobs/c-skyepointdecisions,https://assets.themuse.com/uploaded/companies/12070/small_logo.png?v=bb2352a4a4322664649689e2b4b2287f07ef4ef56012159b5390eb34481538b5
Wipro,15000238,"Bangalore, India",Consulting,"{'name': 'Large Size', 'short_name': 'large'}",,,,https://www.themuse.com/companies/wipro,https://www.themuse.com/search/jobs/c-wipro,https://assets.themuse.com/uploaded/companies/15000238/small_logo.png
Mattel,11859,"East Aurora, NY;El Segundo, CA;Middleton, WI;Montreal, Canada",Consumer Goods & Services;Entertainment & Gaming;Manufacturing,"{'name': 'Large Size', 'short_name': 'large'}","Mattel creates innovative products and experiences that inspire, entertain, and develop children through play.",,,https://www.themuse.com/companies/mattel,https://www.themuse.com/search/jobs/c-mattel,https://assets.themuse.com/uploaded/companies/11859/small_logo.png?v=bb01139a9efb293f6a4ae96daf77cd2a3644ba4671430a9ff2a125240a6b415e
Talend,12290,"Redwood City, CA",Technology,"{'name': 'Small Size', 'short_name': 'small'}",TBD,,,https://www.themuse.com/companies/talend,https://www.themuse.com/search/jobs/c-talend,https://assets.themuse.com/uploaded/companies/12290/small_logo.png?v=d94e58846f5b6edf7714c7dcbfeb74ea6c3b5424c999c8b5d30b75e6d4aab5b0
"Stimulus, Inc.",12276,"Philadelphia, PA",Technology,"{'name': 'Small Size', 'short_name': 'small'}",Stimulus is a relationship intelligence platform that uses data and analytics to help companies of all sizes make better purchasing decisions.,,,https://www.themuse.com/companies/stimulusinc,https://www.themuse.com/search/jobs/c-stimulusinc,https://assets.themuse.com/uploaded/companies/12276/small_logo.png?v=5b7e9cd2a55ce10e284bdba4c8728176adaac716b922f293b4e78b71fca648d8
Thermo Fisher Scientific,15000383,"Carlsbad, CA;Waltham, MA",Biotechnology;Healthtech;Manufacturing;Pharmaceutical,"{'name': 'Large Size', 'short_name': 'large'}","Thermo Fisher Scientific Inc. is the world leader in serving science, with annual revenue of more than $40 billion. Our Mission is to enable our customers to make the world healthier, cleaner and safer. Whether our customers are accelerating life sciences research, solving complex analytical challenges, increasing productivity in their laboratories, improving patient health through diagnostics or the development and manufacture of life-changing therapies, we are here to support them. Our global team delivers an unrivaled combination of innovative technologies, purchasing convenience and pharmaceutical services through our industry-leading brands, including Thermo Scientific, Applied Biosystems, Invitrogen, Fisher Scientific, and more.",,,https://www.themuse.com/companies/thermofisherscientific,https://www.themuse.com/search/jobs/c-thermofisherscientific,https://assets.themuse.com/uploaded/companies/15000383/small_logo.png
State Farm,12221,"Atlanta, GA;Bloomington, IL;Dallas, TX;Phoenix, AZ",Financial Services;Insurance,"{'name': 'Large Size', 'short_name': 'large'}",State Farm helps customers protect the things that matter most to them.,,,https://www.themuse.com/companies/statefarm,https://www.themuse.com/search/jobs/c-statefarm,https://assets.themuse.com/uploaded/companies/12221/small_logo.png?v=ccb7b160aa8635479ac532e32d27b53a15cff8a6afac4d4739767617bb7a49ad
Elastic,12151,"San Francisco, CA",Technology,"{'name': 'Large Size', 'short_name': 'large'}",Elastic takes the power of search and applies it to a variety of use cases.,,,https://www.themuse.com/companies/elastic,https://www.themuse.com/search/jobs/c-elastic,https://assets.themuse.com/uploaded/companies/12151/small_logo.png?v=c00410a8f0981ab6762e4a3f7e7b1d3765a3a7894ca4a3cbcf59b2e44c764e31
Right At School,12175,"Evanston, IL",Arts & Music;Education;Social Good,"{'name': 'Large Size', 'short_name': 'large'}",Right At School is the perfect place for you to blend your passion for students and career growth goals.,,,https://www.themuse.com/companies/rightatschool,https://www.themuse.com/search/jobs/c-rightatschool,https://assets.themuse.com/uploaded/companies/12175/small_logo.png?v=a9dc13a7b8d310914accfc3db479b655e39e56e7ba7122df6803d31046bc57ff
Box,1061,"Austin, TX;New York, NY;San Francisco, CA",Technology,"{'name': 'Large Size', 'short_name': 'large'}","Box helps companies replace outdated technological systems in favor of using the cloud to securely store files, collaborate on content, and access information from anywhere—on any device.",,,https://www.themuse.com/companies/box,https://www.themuse.com/search/jobs/c-box,https://assets.themuse.com/uploaded/companies/1061/small_logo.png?v=3302cdaf8cd3cfe3ecdc4004a503b64234180f12ef13e014c33b7818ade50ac4
Johns Hopkins Police Department,15000510,"Baltimore, MD",Education;Law,"{'name': 'Medium Size', 'short_name': 'medium'}","As a progressive leader in public safety, we are committed to the equitable delivery of police services that prioritize the well-being of our students, faculty, staff, and campus guests. We seek to build a relationship of mutual trust by engaging our community partners as co-creators of a safe and open environment.",,,https://www.themuse.com/companies/johnshopkinspolicedepartment,https://www.themuse.com/search/jobs/c-johnshopkinspolicedepartment,https://assets.themuse.com/uploaded/companies/15000510/small_logo.png
Capital Group,15000215,"Amsterdam, Netherlands;Atlanta, GA;Carmel, IN;Chicago, IL;Frankfurt, Germany;Geneva, Switzerland;Hong Kong;Irvine, CA;London, United Kingdom;Los Angeles, CA;Luxembourg City, Luxembourg;Madrid, Spain;Melbourne, Australia;Menlo Park, CA;Miami, FL;Milan, Italy;Montreal, Canada;Mumbai, India;New York, NY;Norfolk, VA;Reno, NV;San Antonio, TX;San Francisco, CA;Seattle, WA;Shanghai, China;Singapore;Sydney, Australia;Tokyo, Japan;Toronto, Canada;Washington, DC;Zurich, Switzerland",Financial Services,"{'name': 'Large Size', 'short_name': 'large'}","Since 1931, Capital Group associates have been helping people take control of their financial futures. We do so by staying true to our core beliefs, our approach to investing and our commitment to community. Today, we're one of the world's largest investment management organizations, managing $2.2 trillion in assets. We believe a financial goal is more than a number for our clients. It may represent a new home, a small business, a comfortable retirement or a college education. We help our clients go from dreaming to doing by focusing on our core beliefs and being grounded in our core values. In doing so, we have been helping people get from ""Can I?"" to ""I can"" for over 90 years.",,,https://www.themuse.com/companies/capitalgroup,https://www.themuse.com/search/jobs/c-capitalgroup,https://assets.themuse.com/uploaded/companies/15000215/small_logo.png
National Security Agency (NSA),15000272,"Fort Meade, MD",Government,"{'name': 'Large Size', 'short_name': 'large'}",NSA generates foreign intelligence insights and applies its cybersecurity expertise to protect the nation.,,,https://www.themuse.com/companies/nationalsecurityagencynsa,https://www.themuse.com/search/jobs/c-nationalsecurityagencynsa,https://assets.themuse.com/uploaded/companies/15000272/small_logo.png
